﻿ID_ESTADO,NOMBRE_ESTADO,ID_MUNICIPIO,MUNICIPIO,SECCIONES,CASILLAS,PAN,PRI,PRD,PVEM,PT,MC,MORENA,PVEM_PT_TRANS_MORENA,PVEM_PT_TRANS,PVEM_PT_MORENA,PVEM_TRANS_MORENA,PT_TRANS_MORENA,PVEM_PT,PVEM_TRANS,PVEM_MORENA,PT_TRANS,PT_MORENA,TRANS_MORENA,PBC,TRANS,CAND_IND1,CAND_IND2,NUM_VOTOS_VALIDOS,NUM_VOTOS_CAN_NREG,NUM_VOTOS_NULOS,TOTAL_VOTOS,LISTA_NOMINAL,RUTA_ACTA
2,BAJA CALIFORNIA,2,MEXICALI,580,1368,70642,12782,6454,4520,4811,23681,98785,443,102,112,100,320,54,33,178,63,258,747,15163,5827,8997,,254072,453,7713,262238,794900,
2,BAJA CALIFORNIA,3,TECATE,91,141,7738,4185,843,889,653,1778,9425,49,21,21,15,24,12,5,40,8,36,82,1367,886,,,28077,48,990,29115,86267,
2,BAJA CALIFORNIA,1,ENSENADA,161,669,19346,9343,4125,2193,6610,6673,44541,239,148,133,32,236,73,22,94,42,447,237,3493,2800,,10301,111128,203,3933,115264,393324,
2,BAJA CALIFORNIA,4,TIJUANA,1020,2491,70855,18653,55042,10347,11837,21162,176005,857,176,227,143,484,130,57,311,115,577,892,16923,8736,,,393529,351,11234,405114,1431102,
2,BAJA CALIFORNIA,5,ROSARITO,95,170,9367,978,1499,396,519,3083,11825,132,20,25,13,44,5,2,20,10,51,115,832,633,,,29569,33,828,30430,105482,
,,,, , ,,,,,,,,,,,,,,,,,,,,,,,,,,,,
