ID_ESTADO,NOMBRE_ESTADO,ID_MUNICIPIO,MUNICIPIO,SECCIONES,CASILLAS,PAN,PRI,PRD,PVEM,PT,MC,PUP,NVA_ALIANZA,PSD,MORENA,ES,PRS,PAN_PRD,PRI_PVEM,C_COMUN_PRI_ES,CAND_IND1,CAND_IND2,CAND_IND3,CAND_IND4,CAND_IND5,NUM_VOTOS_CAN_NREG,NUM_VOTOS_VALIDOS,NUM_VOTOS_NULOS,TOTAL_VOTOS,LISTA_NOMINAL,PARTICIPACION
20,OAXACA,2,ACATLAN DE PEREZ FIGUEROA,33,61,11680,7840,563,311,459,79,27,88,49,1582,,17,491,140,,,,,,,5,23326,497,23828,31260,0.7623
20,OAXACA,24,COSOLAPA,10,17,1112,2930,186,213,153,917,13,74,216,631,,25,36,201,,,,,,,0,6707,283,6990,9550,0.7319
20,OAXACA,167,SAN JOSE INDEPENDENCIA,3,6,72,1337,1126,7,1,1,2,0,1,38,,0,26,12,,,,,,,0,2623,22,2645,3388,0.7807
20,OAXACA,170,SAN JOSE TENANGO,16,25,50,1381,265,31,2065,2011,33,28,127,564,,1831,11,9,,,,,,,1,8406,425,8832,11439,0.7721
20,OAXACA,182,SAN JUAN BAUTISTA TUXTEPEC,74,195,7817,12341,4752,1004,12027,7215,525,1534,1013,12723,,457,895,269,,,,,,,27,62572,1955,64554,112363,0.5745
20,OAXACA,276,SAN MIGUEL SOYALTEPEC,24,52,4238,11692,2473,55,378,33,242,51,18,765,,15,295,84,,,,,,,0,20339,272,20611,26089,0.7900
20,OAXACA,307,SAN PEDRO IXCATLAN,9,14,257,2105,91,28,104,1067,23,51,64,2051,,25,9,10,,,,,,,0,5885,154,6039,7409,0.8151
20,OAXACA,404,SANTA MARIA CHILCHOTLA,17,33,491,4200,1438,143,170,17,33,138,39,513,,14,250,76,,,,,,,14,7522,325,7861,13853,0.5675
20,OAXACA,232,SAN LUCAS OJITLAN,12,27,2925,1464,674,82,128,1540,41,227,206,4161,,26,113,22,,,,,,,5,11609,277,11891,14741,0.8067
20,OAXACA,11,AYOTZINTEPEC,3,10,115,1494,1026,19,65,10,56,10,12,789,,1,40,22,,,,,,,0,3659,141,3800,4787,0.7938
20,OAXACA,44,LOMA BONITA,32,59,287,3277,5353,384,1024,4694,316,521,90,2456,,80,71,91,,,,,,,1,18644,696,19341,28556,0.6773
20,OAXACA,131,SAN FELIPE JALAPA DE DIAZ,11,33,62,6045,2229,61,124,123,243,89,87,6378,,45,31,33,,,,,,,0,15550,201,15751,18292,0.8611
20,OAXACA,133,SAN FELIPE USILA,5,14,358,2888,189,72,265,11,764,27,31,2502,,1,1,10,,,,,,,0,7119,95,7214,8423,0.8565
20,OAXACA,164,SAN JOSE CHILTEPEC,6,15,323,1555,571,107,519,693,34,80,24,2343,,16,27,34,,,,,,,3,6326,213,6542,8279,0.7902
20,OAXACA,181,SAN JUAN BAUTISTA TLACOATZINTEPEC,1,4,1,108,13,257,10,2,75,209,164,528,,3,1,14,,,,,,,0,1385,16,1401,1628,0.8606
20,OAXACA,418,SANTA MARIA JACATEPEC,6,13,150,759,1060,32,975,152,39,47,134,1780,,87,65,6,,,,,,,1,5286,184,5471,6935,0.7889
20,OAXACA,469,SANTIAGO JOCOTEPEC,8,16,244,1187,1432,908,278,18,13,42,36,1076,,11,62,24,,,,,,,0,5331,174,5505,8363,0.6583
20,OAXACA,22,CONCEPCION PAPALO,4,5,49,126,387,9,53,4,130,152,95,332,,9,24,0,,,,,,,0,1370,59,1429,2139,0.6681
20,OAXACA,27,CUYAMECALCO VILLA DE ZARAGOZA,4,6,74,339,168,32,43,6,119,58,22,131,,4,3,10,,,,,,,0,1009,77,1086,2596,0.4183
20,OAXACA,29,ELOXOCHITLAN DE FLORES MAGON,4,6,22,421,225,18,57,6,3,13,18,368,,12,8,8,,,,,,,0,1179,109,1288,2635,0.4888
20,OAXACA,38,HUAUTEPEC,4,8,5,1678,106,7,72,8,44,8,15,1224,,19,0,10,,,,,,,0,3196,83,3279,3866,0.8482
20,OAXACA,39,HUAUTLA DE JIMENEZ,19,39,129,4167,4570,129,427,59,125,172,750,4488,,126,51,40,,,,,,,1,15233,725,15959,20933,0.7624
20,OAXACA,58,MAZATLAN VILLA DE FLORES,10,20,107,1379,1521,84,355,15,168,40,27,302,,8,46,24,,,,,,,2,4076,374,4452,8064,0.5521
20,OAXACA,95,SAN ANDRES TEOTILALPAM,2,5,69,364,168,12,65,8,71,57,27,441,,6,157,52,,,,,,,1,1497,96,1594,2687,0.5932
20,OAXACA,106,SAN ANTONIO NANAHUATIPAM,1,2,9,31,38,7,9,4,44,186,27,227,,0,1,2,,,,,,,0,585,18,603,985,0.6122
20,OAXACA,115,SAN BARTOLOME AYAUTLA,3,5,32,495,613,17,105,9,32,46,673,124,,7,1,2,,,,,,,0,2156,104,2260,2763,0.8180
20,OAXACA,136,SAN FRANCISCO CHAPULAPA,1,2,28,268,96,8,44,3,122,13,7,96,,2,4,1,,,,,,,0,692,55,747,1286,0.5809
20,OAXACA,139,SAN FRANCISCO HUEHUETLAN,1,1,10,45,120,14,5,1,1,6,9,7,,5,6,1,,,,,,,0,230,68,298,714,0.4174
20,OAXACA,160,SAN JERONIMO TECOATL,2,3,7,96,189,56,12,1,1,15,7,124,,3,4,3,,,,,,,0,518,102,620,1108,0.5596
20,OAXACA,175,SAN JUAN BAUTISTA CUICATLAN,13,19,789,1078,594,64,376,12,218,142,632,883,,22,198,27,,,,,,,1,5035,253,5289,7224,0.7321
20,OAXACA,187,CHIQUIHUITLAN DE BENITO JUAREZ,2,3,37,531,121,12,74,5,19,11,17,46,,1,14,15,,,,,,,1,903,46,950,1627,0.5839
20,OAXACA,189,SAN JUAN COATZOSPAM,1,2,14,345,88,2,14,1,87,4,8,44,,326,1,6,,,,,,,0,940,56,996,1408,0.7074
20,OAXACA,193,SAN JUAN DE LOS CUES,2,3,32,134,257,10,34,2,97,47,8,200,,1,5,4,,,,,,,0,831,21,852,1773,0.4805
20,OAXACA,220,SAN JUAN TEPEUXILA,4,4,69,245,153,21,138,6,101,27,20,161,,2,42,1,,,,,,,1,986,59,1046,1835,0.5700
20,OAXACA,228,SAN LORENZO CUAUNECUILTITLA,1,1,3,147,121,0,38,1,0,0,0,3,,0,1,3,,,,,,,0,317,25,342,458,0.7467
20,OAXACA,234,SAN LUCAS ZOQUIAPAM,4,7,484,590,330,497,150,6,68,64,48,161,,8,46,20,,,,,,,0,2472,191,2663,4396,0.6058
20,OAXACA,244,SAN MARTIN TOXPALAN,2,5,11,299,177,6,11,2,358,74,20,224,,0,5,2,,,,,,,0,1189,38,1227,2442,0.5025
20,OAXACA,255,SAN MATEO YOLOXOCHITLAN,2,4,30,408,185,10,414,2,9,5,15,139,,4,13,20,,,,,,,0,1254,83,1337,2315,0.5775
20,OAXACA,275,SAN MIGUEL SANTA FLOR,1,1,4,93,9,6,76,1,5,10,18,37,,0,3,1,,,,,,,0,263,28,291,576,0.5052
20,OAXACA,309,SAN PEDRO JALTEPETONGO,1,1,7,70,11,9,4,1,27,3,65,24,,0,0,0,,,,,,,0,221,20,241,394,0.6117
20,OAXACA,311,SAN PEDRO JOCOTIPAC,1,1,4,100,20,7,21,0,9,15,2,68,,1,1,0,,,,,,,0,248,11,259,642,0.4034
20,OAXACA,320,SAN PEDRO OCOPETATILLO,1,1,4,204,23,14,4,0,1,7,15,39,,0,0,8,,,,,,,0,319,26,345,552,0.6250
20,OAXACA,324,SAN PEDRO SOCHIAPAM,3,6,132,438,206,30,24,6,168,167,64,281,,17,37,4,,,,,,,0,1574,76,1650,2950,0.5593
20,OAXACA,328,SAN PEDRO TEUTILA,3,6,75,500,430,10,41,4,81,24,9,160,,2,65,7,,,,,,,2,1408,61,1471,2896,0.5079
20,OAXACA,354,SANTA ANA ATEIXTLAHUACA,1,1,7,42,90,5,5,0,1,1,12,25,,4,1,0,,,,,,,0,193,20,213,323,0.6594
20,OAXACA,355,SANTA ANA CUAUHTEMOC,1,1,9,82,62,6,13,0,17,18,10,19,,3,0,0,,,,,,,0,239,29,268,515,0.5204
20,OAXACA,375,SANTA CRUZ ACATEPEC,1,2,4,163,244,10,9,0,29,28,99,21,,1,2,3,,,,,,,0,613,34,647,910,0.7110
20,OAXACA,399,SANTA MARIA LA ASUNCION,2,4,488,470,33,54,89,1,3,16,23,55,,6,29,5,,,,,,,0,1272,98,1370,2049,0.6686
20,OAXACA,417,SANTA MARIA IXCATLAN,1,1,2,80,144,2,11,1,0,17,8,11,,0,3,0,,,,,,,0,279,12,291,390,0.7462
20,OAXACA,426,SANTA MARIA PAPALO,1,2,13,139,139,14,48,4,197,28,119,167,,4,1,0,,,,,,,0,873,38,911,1473,0.6185
20,OAXACA,432,SANTA MARIA TECOMAVACA,1,2,5,211,42,67,11,3,108,215,42,307,,1,0,52,,,,,,,0,1064,51,1115,1422,0.7841
20,OAXACA,435,SANTA MARIA TEOPOXCO,2,6,16,942,209,23,7,3,67,24,12,526,,12,3,12,,,,,,,3,1856,102,1961,2889,0.6788
20,OAXACA,437,SANTA MARIA TEXCATITLAN,1,2,0,255,233,2,10,0,5,5,9,68,,0,1,2,,,,,,,0,590,19,609,782,0.7788
20,OAXACA,439,SANTA MARIA TLALIXTAC,1,3,113,212,43,2,40,0,9,43,10,129,,3,20,8,,,,,,,0,632,76,708,1128,0.6277
20,OAXACA,491,SANTIAGO TEXCALCINGO,2,4,20,721,94,26,20,4,63,20,3,24,,0,2,20,,,,,,,0,1017,38,1055,1729,0.6102
20,OAXACA,531,SANTOS REYES PAPALO,1,3,20,265,50,5,190,2,68,42,5,61,,1,0,1,,,,,,,0,710,31,741,1651,0.4488
20,OAXACA,545,TEOTITLAN DE FLORES MAGON,6,13,118,806,1461,48,76,20,215,718,36,1124,,17,35,18,,,,,,,2,4692,213,4907,6850,0.7164
20,OAXACA,558,VALERIO TRUJANO,2,2,7,70,153,115,44,1,134,39,50,225,,53,4,9,,,,,,,0,904,15,919,1242,0.7399
20,OAXACA,7,ASUNCION NOCHIXTLAN,8,24,321,2269,897,159,1243,118,287,159,1093,1457,,188,49,57,,,,,,,7,8297,338,8642,12682,0.6814
20,OAXACA,21,CONCEPCION BUENAVISTA,2,2,31,101,16,9,10,1,5,5,0,18,,1,1,1,,,,,,,0,199,9,208,526,0.3954
20,OAXACA,46,MAGDALENA JALTEPEC,4,5,49,287,151,22,102,4,89,26,19,77,,3,8,7,,,,,,,0,844,37,881,2397,0.3675
20,OAXACA,53,MAGDALENA YODOCONO DE PORFIRIO DIAZ,1,2,14,124,26,10,24,2,124,6,7,62,,3,0,1,,,,,,,0,403,9,412,1036,0.3977
20,OAXACA,54,MAGDALENA ZAHUATLAN,1,1,14,45,16,5,17,0,0,1,1,36,,0,1,0,,,,,,,0,136,6,142,301,0.4718
20,OAXACA,86,SAN ANDRES DINICUITI,3,4,11,331,310,175,13,4,17,12,5,182,,3,3,3,,,,,,,0,1069,35,1104,1704,0.6479
20,OAXACA,90,SAN ANDRES LAGUNAS,1,1,20,88,21,3,9,0,1,0,0,40,,0,1,4,,,,,,,0,187,8,195,363,0.5372
20,OAXACA,91,SAN ANDRES NUXIÑO,2,2,37,356,66,16,59,2,14,11,6,60,,6,1,6,,,,,,,0,640,30,670,1354,0.4948
20,OAXACA,93,SAN ANDRES SINAXTLA,1,1,12,91,40,5,26,1,7,8,4,55,,2,0,7,,,,,,,1,258,11,270,543,0.4972
20,OAXACA,99,SAN ANDRES ZAUTLA,2,5,35,789,721,29,103,16,17,15,58,272,,11,38,12,,,,,,,0,2116,60,2176,2911,0.7475
20,OAXACA,103,SAN ANTONIO ACUTLA,1,1,10,27,19,6,6,1,36,2,0,18,,2,1,0,,,,,,,0,128,5,133,211,0.6303
20,OAXACA,113,SAN BARTOLO SOYALTEPEC,2,2,10,87,29,6,14,4,0,5,4,59,,1,1,10,,,,,,,0,230,9,239,490,0.4878
20,OAXACA,126,SAN CRISTOBAL SUCHIXTLAHUACA,1,1,15,43,9,5,6,1,0,3,2,21,,1,0,1,,,,,,,0,107,5,112,235,0.4766
20,OAXACA,137,SAN FRANCISCO CHINDUA,1,1,8,104,45,5,47,1,13,4,3,14,,1,1,4,,,,,,,0,250,1,251,557,0.4506
20,OAXACA,141,SAN FRANCISCO JALTEPETONGO,2,2,18,125,119,6,20,3,37,3,4,85,,4,1,3,,,,,,,0,428,20,448,792,0.5657
20,OAXACA,144,SAN FRANCISCO NUXAÑO,1,1,5,46,28,1,5,0,44,0,0,6,,0,2,6,,,,,,,0,143,8,151,277,0.5451
20,OAXACA,147,SAN FRANCISCO TELIXTLAHUACA,6,16,151,1110,789,131,1106,58,687,89,171,1526,,96,27,24,,,,,,,5,5965,260,6230,8807,0.7074
20,OAXACA,148,SAN FRANCISCO TEOPAN,1,1,8,98,22,4,4,0,0,3,0,7,,0,1,1,,,,,,,0,148,4,152,257,0.5914
20,OAXACA,158,SAN JERONIMO SOSOLA,4,5,39,143,89,27,314,8,76,12,32,161,,11,1,0,,,,,,,0,913,33,946,1931,0.4899
20,OAXACA,174,SAN JUAN BAUTISTA COIXTLAHUACA,4,5,41,463,78,42,37,7,9,26,14,194,,4,4,8,,,,,,,0,927,37,964,2028,0.4753
20,OAXACA,177,SAN JUAN BAUTISTA JAYACATLAN,1,2,25,125,24,16,7,0,1,10,0,84,,0,4,6,,,,,,,0,302,18,320,992,0.3226
20,OAXACA,196,SAN JUAN DIUXI,2,2,9,116,24,16,34,3,115,10,2,35,,0,0,1,,,,,,,0,365,70,435,836,0.5203
20,OAXACA,215,SAN JUAN SAYULTEPEC,1,1,20,63,22,6,48,1,8,10,5,61,,3,3,2,,,,,,,0,252,6,258,591,0.4365
20,OAXACA,217,SAN JUAN TAMAZOLA,4,5,21,301,144,15,145,1,94,9,37,59,,0,2,5,,,,,,,0,833,25,858,2150,0.3991
20,OAXACA,221,SAN JUAN TEPOSCOLULA,2,2,21,205,86,12,20,3,4,10,4,129,,1,3,1,,,,,,,0,499,17,516,999,0.5165
20,OAXACA,224,SAN JUAN YUCUITA,1,1,17,133,26,1,31,2,7,16,3,64,,1,1,4,,,,,,,0,306,13,319,563,0.5666
20,OAXACA,248,SAN MATEO ETLATONGO,1,2,23,97,104,4,31,2,15,3,7,78,,0,1,2,,,,,,,1,367,8,376,837,0.4492
20,OAXACA,254,SAN MATEO TLAPILTEPEC,1,1,20,40,9,2,9,0,0,2,0,7,,0,0,0,,,,,,,0,89,3,92,160,0.5750
20,OAXACA,262,SAN MIGUEL CHICAHUA,2,5,114,137,87,13,120,5,198,20,14,96,,4,2,4,,,,,,,0,814,70,884,1561,0.5663
20,OAXACA,269,SAN MIGUEL HUAUTLA,2,3,14,198,35,8,14,1,52,7,4,48,,0,0,6,,,,,,,0,387,16,403,899,0.4483
20,OAXACA,272,SAN MIGUEL PERAS,2,4,67,400,385,31,110,2,62,18,8,91,,4,12,3,,,,,,,0,1193,96,1289,2173,0.5932
20,OAXACA,273,SAN MIGUEL PIEDRAS,1,2,25,253,111,6,52,1,2,5,8,35,,2,0,3,,,,,,,0,503,16,519,876,0.5925
20,OAXACA,279,SAN MIGUEL TECOMATLAN,1,1,6,48,6,2,8,0,30,3,0,4,,0,0,1,,,,,,,0,108,2,110,245,0.4490
20,OAXACA,281,SAN MIGUEL TEQUIXTEPEC,3,3,35,128,53,14,13,0,5,17,1,26,,1,4,1,,,,,,,0,298,7,305,704,0.4332
20,OAXACA,285,SAN MIGUEL TULANCINGO,1,1,11,26,20,1,3,2,1,2,19,16,,0,0,1,,,,,,,0,102,4,106,273,0.3883
20,OAXACA,292,SAN PABLO HUITZO,5,10,389,953,400,138,184,28,156,208,22,990,,93,25,7,,,,,,,9,3593,179,3781,5042,0.7499
20,OAXACA,302,SAN PEDRO COXCALTEPEC CANTAROS,2,2,18,84,62,11,38,1,3,5,11,39,,0,2,0,,,,,,,0,274,13,287,612,0.4690
20,OAXACA,319,SAN PEDRO NOPALA,1,1,20,129,13,9,3,0,2,9,0,14,,0,1,1,,,,,,,0,201,8,209,546,0.3828
20,OAXACA,327,SAN PEDRO TEOZACOALCO,1,2,27,193,56,9,28,1,41,6,5,75,,2,1,3,,,,,,,0,447,14,461,892,0.5168
20,OAXACA,329,SAN PEDRO TIDAA,2,2,10,67,29,3,13,3,56,13,4,42,,1,1,0,,,,,,,0,242,9,251,583,0.4305
20,OAXACA,330,SAN PEDRO TOPILTEPEC,1,2,1,33,4,0,3,3,55,3,4,74,,0,0,3,,,,,,,0,183,9,192,275,0.6982
20,OAXACA,334,SAN PEDRO Y SAN PABLO TEPOSCOLULA,5,7,57,701,147,29,56,12,29,14,22,991,,9,4,16,,,,,,,4,2087,85,2176,3132,0.6948
20,OAXACA,338,SAN PEDRO YUCUNAMA,1,1,2,59,5,3,0,1,2,4,1,19,,1,1,1,,,,,,,0,99,5,104,174,0.5977
20,OAXACA,352,SAN VICENTE NUÑU,1,1,59,102,7,2,9,0,0,0,0,23,,0,0,0,,,,,,,0,202,6,208,388,0.5361
20,OAXACA,391,SANTA INES DE ZARAGOZA,3,3,40,290,60,9,34,2,2,8,15,73,,21,2,4,,,,,,,0,560,16,576,1204,0.4784
20,OAXACA,396,SANTA MAGDALENA JICOTLAN,1,1,1,34,2,0,6,0,0,0,1,1,,0,0,0,,,,,,,0,45,0,45,68,0.6618
20,OAXACA,398,SANTA MARIA APAZCO,2,2,9,127,64,16,169,4,9,17,6,51,,2,0,4,,,,,,,0,478,75,553,1283,0.4310
20,OAXACA,402,SANTA MARIA CHACHOAPAM,1,1,29,47,33,9,49,3,1,6,5,55,,1,4,3,,,,,,,0,245,9,254,607,0.4185
20,OAXACA,403,VILLA DE CHILAPA DE DIAZ,3,4,36,273,99,28,54,4,13,14,2,111,,3,1,9,,,,,,,2,647,31,680,1494,0.4552
20,OAXACA,423,SANTA MARIA NATIVITAS,2,2,7,91,47,5,12,1,1,9,1,74,,1,0,0,,,,,,,0,249,13,262,482,0.5436
20,OAXACA,428,SANTA MARIA PEÑOLES,5,11,38,1249,288,42,104,2,975,13,65,146,,3,3,20,,,,,,,0,2948,118,3066,4624,0.6631
20,OAXACA,452,SANTIAGO APOALA,2,2,12,174,44,32,89,3,3,19,5,49,,1,1,2,,,,,,,0,434,17,451,817,0.5520
20,OAXACA,457,SANTIAGO CACALOXTEPEC,3,3,606,472,21,5,7,2,3,3,11,62,,4,8,1,,,,,,,0,1205,19,1224,1563,0.7831
20,OAXACA,464,SANTIAGO HUAUCLILLA,2,2,39,58,62,4,16,0,1,4,1,17,,1,3,0,,,,,,,0,206,16,222,431,0.5151
20,OAXACA,465,SANTIAGO IHUITLAN PLUMAS,2,2,12,43,27,5,9,1,7,2,0,23,,0,3,6,,,,,,,0,138,2,140,304,0.4605
20,OAXACA,479,SANTIAGO NACALTEPEC,4,4,39,217,38,35,53,4,86,13,3,105,,3,2,5,,,,,,,0,603,24,627,1407,0.4456
20,OAXACA,480,SANTIAGO NEJAPILLA,1,1,2,54,1,4,2,1,0,0,0,2,,0,1,1,,,,,,,0,68,4,72,159,0.4528
20,OAXACA,485,SANTIAGO SUCHILQUITONGO,5,12,133,1555,1078,86,655,29,260,42,56,553,,39,20,36,,,,,,,0,4542,157,4699,7099,0.6619
20,OAXACA,488,SANTIAGO TENANGO,2,2,42,170,41,24,90,5,90,9,7,100,,4,2,9,,,,,,,0,593,9,602,1399,0.4303
20,OAXACA,489,SANTIAGO TEPETLAPA,1,1,5,18,6,2,4,0,0,1,1,5,,0,1,2,,,,,,,0,45,1,46,93,0.4946
20,OAXACA,493,SANTIAGO TILANTONGO,4,6,93,278,125,24,157,3,233,44,19,141,,4,2,5,,,,,,,0,1128,77,1205,2200,0.5477
20,OAXACA,494,SANTIAGO TILLO,1,1,12,56,31,3,23,0,12,9,5,46,,4,4,1,,,,,,,0,206,8,214,416,0.5144
20,OAXACA,495,SANTIAGO TLAZOYALTEPEC,4,7,86,566,281,71,180,10,106,36,18,253,,5,12,11,,,,,,,4,1635,105,1744,3174,0.5495
20,OAXACA,511,SANTO DOMINGO NUXAA,3,5,58,416,85,26,116,2,78,14,11,151,,4,4,8,,,,,,,0,973,23,996,2054,0.4849
20,OAXACA,518,SANTO DOMINGO TLATAYAPAM,1,1,1,36,0,2,1,0,0,0,1,5,,0,0,2,,,,,,,0,48,1,49,107,0.4579
20,OAXACA,521,SANTO DOMINGO TONALTEPEC,1,1,2,48,7,4,14,0,3,3,0,9,,0,0,1,,,,,,,0,91,6,97,200,0.4850
20,OAXACA,523,SANTO DOMINGO YANHUITLAN,2,3,37,134,39,7,49,3,6,30,3,134,,3,1,2,,,,,,,0,448,18,466,1140,0.4088
20,OAXACA,524,SANTO DOMINGO YODOHINO,1,1,7,32,119,5,5,2,1,0,0,14,,1,3,1,,,,,,,0,190,7,197,336,0.5863
20,OAXACA,527,SANTO TOMAS MAZALTEPEC,1,3,17,209,42,17,98,1,14,4,2,216,,4,3,14,,,,,,,1,641,25,667,1644,0.4057
20,OAXACA,539,VILLA DE TAMAZULAPAM DEL PROGRESO,6,11,95,774,352,48,804,132,70,174,23,924,,15,2,6,,,,,,,1,3419,148,3568,5382,0.6630
20,OAXACA,543,VILLA TEJUPAM DE LA UNION,3,3,24,403,377,7,22,3,12,12,102,251,,2,17,10,,,,,,,0,1242,53,1295,1774,0.7300
20,OAXACA,547,TEOTONGO,1,2,9,69,92,2,22,2,9,7,1,128,,4,1,1,,,,,,,2,347,15,364,762,0.4777
20,OAXACA,548,TEPELMEME VILLA DE MORELOS,3,3,41,163,25,16,19,2,0,9,5,57,,1,1,5,,,,,,,0,344,15,359,1142,0.3144
20,OAXACA,551,TLACOTEPEC PLUMAS,1,1,15,75,22,7,4,2,2,3,0,20,,0,3,0,,,,,,,0,153,5,158,318,0.4969
20,OAXACA,556,LA TRINIDAD VISTA HERMOSA,1,1,6,36,16,6,2,1,3,1,1,26,,0,1,1,,,,,,,0,100,5,105,213,0.4930
20,OAXACA,565,YUTANDUCHI DE GUERRERO,1,2,18,256,13,6,32,2,186,7,1,20,,3,0,2,,,,,,,0,546,41,587,838,0.7005
20,OAXACA,5,ASUNCION CUYOTEPEJI,1,2,225,222,32,2,7,1,2,1,1,38,,0,4,3,,,,,,,0,538,15,553,861,0.6423
20,OAXACA,13,CALIHUALA,3,3,8,113,78,5,4,6,3,9,6,116,,0,2,0,,,,,,,0,350,7,357,900,0.3967
20,OAXACA,25,COSOLTEPEC,3,3,17,136,58,10,11,3,3,20,4,108,,0,3,0,,,,,,,2,373,12,387,678,0.5708
20,OAXACA,31,FRESNILLO DE TRUJANO,2,2,6,193,143,3,10,2,0,2,10,131,,0,7,3,,,,,,,0,510,14,524,798,0.6566
20,OAXACA,32,GUADALUPE DE RAMIREZ,3,3,14,238,80,2,243,2,0,30,0,146,,2,0,1,,,,,,,0,758,17,775,1156,0.6704
20,OAXACA,37,HEROICA CIUDAD DE HUAJUAPAN DE LEON,34,95,4240,6145,1803,342,826,844,294,678,268,8355,,206,168,118,,,,,,,30,24287,831,25148,54142,0.4645
20,OAXACA,55,MARISCALA DE JUAREZ,7,8,29,471,258,19,147,4,4,182,8,171,,1,18,6,,,,,,,6,1318,61,1385,2717,0.5098
20,OAXACA,96,SAN ANDRES TEPETLAPA,1,1,5,23,38,5,5,5,2,3,3,25,,1,2,0,,,,,,,0,117,20,137,347,0.3948
20,OAXACA,149,SAN FRANCISCO TLAPANCINGO,1,3,325,453,41,10,4,8,1,7,1,60,,2,3,11,,,,,,,0,926,33,959,1588,0.6039
20,OAXACA,157,SAN JERONIMO SILACAYOAPILLA,2,2,7,105,51,7,97,2,0,0,0,28,,0,0,2,,,,,,,0,299,14,313,1176,0.2662
20,OAXACA,162,SAN JORGE NUCHITA,3,5,16,386,311,19,110,4,12,3,3,62,,0,7,5,,,,,,,0,938,55,993,2417,0.4108
20,OAXACA,163,SAN JOSE AYUQUILA,2,2,100,144,24,0,2,3,1,2,0,27,,0,2,4,,,,,,,0,309,7,316,1047,0.3018
20,OAXACA,179,SAN JUAN BAUTISTA SUCHITEPEC,2,2,94,139,108,3,9,0,1,1,1,44,,1,15,3,,,,,,,0,419,9,428,404,1.0594
20,OAXACA,180,SAN JUAN BAUTISTA TLACHICHILCO,2,2,116,147,68,3,1,46,2,2,1,41,,0,5,1,,,,,,,0,433,18,451,983,0.4588
20,OAXACA,188,SAN JUAN CIENEGUILLA,1,1,42,17,10,0,0,32,0,1,0,2,,0,2,0,,,,,,,0,106,6,112,418,0.2679
20,OAXACA,200,SAN JUAN IHUALTEPEC,2,2,7,229,99,3,46,0,0,2,0,10,,0,0,0,,,,,,,0,396,30,426,625,0.6816
20,OAXACA,230,SAN LORENZO VICTORIA,2,2,13,244,292,2,2,20,3,1,2,40,,0,13,2,,,,,,,0,634,20,654,805,0.8124
20,OAXACA,237,SAN MARCOS ARTEAGA,3,3,94,319,148,14,2,5,7,2,1,56,,0,2,2,,,,,,,0,652,17,669,1266,0.5284
20,OAXACA,245,SAN MARTIN ZACATEPEC,2,3,6,258,314,2,14,2,0,0,14,45,,0,4,8,,,,,,,0,667,15,682,1223,0.5576
20,OAXACA,249,SAN MATEO NEJAPAM,1,2,174,130,63,4,70,0,1,4,1,35,,0,4,3,,,,,,,0,489,26,515,769,0.6697
20,OAXACA,258,SAN MIGUEL AHUEHUETITLAN,2,4,538,432,47,4,196,2,1,0,0,57,,1,8,10,,,,,,,0,1296,24,1320,1883,0.7010
20,OAXACA,260,SAN MIGUEL AMATITLAN,9,13,1236,898,322,9,555,95,5,13,5,120,,24,8,8,,,,,,,0,3298,100,3398,4901,0.6933
20,OAXACA,288,SAN NICOLAS HIDALGO,1,2,22,151,135,6,25,42,1,7,2,80,,1,3,2,,,,,,,0,477,9,486,786,0.6183
20,OAXACA,335,SAN PEDRO Y SAN PABLO TEQUIXTEPEC,7,7,36,376,214,13,19,1,4,23,7,125,,0,11,25,,,,,,,0,854,49,903,1432,0.6306
20,OAXACA,349,SAN SIMON ZAHUATLAN,1,3,15,401,302,18,9,1,0,3,2,16,,0,8,22,,,,,,,4,797,37,838,2130,0.3934
20,OAXACA,374,SANTA CATARINA ZAPOQUILA,1,1,2,88,30,6,7,0,0,18,0,12,,0,0,0,,,,,,,0,163,3,166,357,0.4650
20,OAXACA,377,SANTA CRUZ DE BRAVO,1,1,67,117,87,4,1,5,0,2,2,26,,0,5,1,,,,,,,0,317,6,323,289,1.1176
20,OAXACA,382,SANTA CRUZ TACACHE DE MINA,3,5,209,626,361,21,7,3,1,5,4,160,,4,9,5,,,,,,,0,1415,20,1435,2051,0.6997
20,OAXACA,401,SANTA MARIA CAMOTLAN,2,2,154,328,132,16,19,5,8,4,2,64,,1,4,10,,,,,,,0,747,22,769,1396,0.5509
20,OAXACA,456,SANTIAGO AYUQUILILLA,2,3,309,390,157,8,9,5,5,3,0,85,,0,6,9,,,,,,,0,986,22,1008,1822,0.5532
20,OAXACA,459,VILLA DE SANTIAGO CHAZUMBA,9,10,56,827,581,20,17,8,9,19,18,545,,3,3,6,,,,,,,1,2112,59,2172,3313,0.6556
20,OAXACA,462,SANTIAGO DEL RIO,2,2,96,172,98,21,4,1,1,3,3,56,,2,2,2,,,,,,,0,461,25,486,540,0.9000
20,OAXACA,463,SANTIAGO HUAJOLOTITLAN,4,6,303,753,306,78,19,77,3,17,2,250,,1,15,6,,,,,,,1,1830,64,1895,3327,0.5696
20,OAXACA,477,SANTIAGO MILTEPEC,1,1,18,118,81,1,9,0,0,1,0,4,,0,3,3,,,,,,,0,238,6,244,305,0.8000
20,OAXACA,486,SANTIAGO TAMAZOLA,6,8,124,969,578,5,23,9,2,7,29,57,,2,16,17,,,,,,,0,1838,55,1893,3083,0.6140
20,OAXACA,502,SANTIAGO YUCUYACHI,2,2,3,162,92,10,125,8,0,1,2,41,,2,1,0,,,,,,,0,447,14,461,850,0.5424
20,OAXACA,520,SANTO DOMINGO TONALA,7,11,39,855,926,34,626,15,12,14,14,266,,9,6,12,,,,,,,1,2828,238,3067,5908,0.5191
20,OAXACA,533,SANTOS REYES YUCUNA,1,1,4,198,163,2,11,1,0,0,1,23,,0,0,1,,,,,,,0,404,9,413,734,0.5627
20,OAXACA,534,SILACAYOAPAM,15,17,72,1216,1009,10,273,20,7,8,10,263,,1,9,17,,,,,,,2,2915,120,3037,5508,0.5514
20,OAXACA,568,ZAPOTITLAN LAGUNAS,3,4,99,463,32,9,433,40,4,15,2,89,,2,8,11,,,,,,,0,1207,62,1269,2309,0.5496
20,OAXACA,569,ZAPOTITLAN PALMAS,1,2,138,211,15,3,6,1,0,10,0,41,,2,2,6,,,,,,,0,435,12,447,1262,0.3542
20,OAXACA,19,COICOYAN DE LAS FLORES,4,10,16,225,296,30,308,6,55,29,23,384,,14,3,5,,,,,,,0,1394,107,1501,5092,0.2948
20,OAXACA,23,CONSTANCIA DEL ROSARIO,3,5,5,53,55,4,36,10,23,8,10,1017,,13,2,1,,,,,,,0,1237,42,1279,2896,0.6692
20,OAXACA,36,MESONES HIDALGO,3,6,27,181,345,58,182,4,91,12,8,218,,6,4,3,,,,,,,0,1139,66,1205,3346,0.3601
20,OAXACA,71,PUTLA VILLA DE GUERRERO,18,43,338,1839,2114,263,1589,853,287,140,423,4519,,718,28,45,,,,,,,1,13156,1035,14192,22965,0.6180
20,OAXACA,73,LA REFORMA,3,5,10,326,80,74,207,4,138,4,9,188,,3,0,17,,,,,,,0,1060,20,1080,2354,0.4588
20,OAXACA,85,SAN ANDRES CABECERA NUEVA,3,4,24,511,344,41,358,2,3,3,4,70,,0,4,42,,,,,,,0,1406,50,1456,1987,0.7328
20,OAXACA,208,SAN JUAN MIXTEPEC,11,15,38,357,558,62,86,29,16,74,54,1444,,28,10,7,,,,,,,1,2763,279,3043,6993,0.4351
20,OAXACA,240,SAN MARTIN ITUNYOSO,1,4,7,203,145,7,58,8,5,9,12,359,,5,0,0,,,,,,,0,818,48,866,1834,0.4722
20,OAXACA,242,SAN MARTIN PERAS,5,16,112,925,475,104,501,16,39,85,18,313,,6,0,25,,,,,,,0,2619,215,2834,7923,0.3577
20,OAXACA,298,SAN PEDRO AMUZGOS,3,7,9,1458,1191,13,70,6,17,3,65,388,,3,7,10,,,,,,,1,3240,66,3307,4511,0.7331
20,OAXACA,345,SAN SEBASTIAN TECOMAXTLAHUACA,9,13,80,584,448,48,142,23,29,39,36,803,,14,5,21,,,,,,,2,2272,135,2409,6061,0.3975
20,OAXACA,378,SANTA CRUZ ITUNDUJIA,8,16,95,2695,2065,157,42,3,10,16,5,400,,0,9,36,,,,,,,0,5533,162,5695,7529,0.7564
20,OAXACA,416,SANTA MARIA IPALAPA,3,8,284,352,757,20,123,2,722,10,4,142,,2,41,1,,,,,,,0,2460,132,2592,3575,0.7250
20,OAXACA,448,SANTA MARIA ZACATEPEC,10,21,51,2867,2023,453,154,16,300,39,36,1195,,20,13,126,,,,,,,0,7293,294,7587,11642,0.6517
20,OAXACA,470,SANTIAGO JUXTLAHUACA,18,43,291,4067,949,208,414,78,99,103,588,6261,,51,8,51,,,,,,,2,13168,610,13780,21915,0.6288
20,OAXACA,16,CHALCATONGO DE HIDALGO,7,14,51,655,1118,316,378,43,122,400,78,728,,0,14,21,,,,,,,1,3924,283,4208,6349,0.6628
20,OAXACA,40,IXPANTEPEC NIEVES,3,4,10,92,118,11,11,4,2,3,13,92,,0,2,1,,,,,,,1,359,11,371,1136,0.3266
20,OAXACA,49,MAGDALENA PEÑASCO,3,6,29,201,476,27,61,24,25,19,26,429,,0,10,6,,,,,,,0,1333,93,1426,2576,0.5536
20,OAXACA,78,SAN AGUSTIN ATENANGO,2,3,8,391,248,6,7,0,6,7,3,196,,0,0,3,,,,,,,0,875,41,916,1578,0.5805
20,OAXACA,83,SAN AGUSTIN TLACOTEPEC,2,2,7,54,83,7,6,1,106,1,3,47,,0,0,2,,,,,,,0,317,10,327,674,0.4852
20,OAXACA,102,SAN ANTONINO MONTE VERDE,4,9,48,1193,799,84,85,14,14,31,10,134,,0,9,25,,,,,,,1,2446,116,2563,4808,0.5331
20,OAXACA,107,SAN ANTONIO SINICAHUA,1,4,9,61,165,15,17,6,3,16,11,94,,0,3,2,,,,,,,1,402,31,434,1010,0.4297
20,OAXACA,118,SAN BARTOLOME YUCUAÑE,1,1,7,55,23,4,7,1,0,2,1,37,,0,1,2,,,,,,,0,140,6,146,284,0.5141
20,OAXACA,124,SAN CRISTOBAL AMOLTEPEC,1,2,3,23,52,3,15,15,6,12,11,183,,0,1,2,,,,,,,0,326,12,338,840,0.4024
20,OAXACA,130,SAN ESTEBAN ATATLAHUCA,4,7,23,144,556,36,37,11,537,19,7,224,,0,6,3,,,,,,,1,1603,83,1687,2685,0.6283
20,OAXACA,171,SAN JUAN ACHIUTLA,1,1,4,43,60,0,1,6,15,3,2,46,,0,3,1,,,,,,,0,184,7,191,337,0.5668
20,OAXACA,210,SAN JUAN ÑUMI,5,9,25,966,515,39,58,10,312,19,24,237,,0,9,15,,,,,,,0,2229,80,2309,4863,0.4748
20,OAXACA,218,SAN JUAN TEITA,1,1,4,82,24,6,4,1,0,1,10,89,,0,0,0,,,,,,,0,221,13,234,428,0.5467
20,OAXACA,239,SAN MARTIN HUAMELULPAM,1,2,8,53,49,6,15,1,9,5,5,120,,0,1,2,,,,,,,0,274,14,288,771,0.3735
20,OAXACA,250,SAN MATEO PEÑASCO,2,3,15,216,281,30,27,3,31,28,12,142,,0,72,3,,,,,,,0,860,33,893,1505,0.5934
20,OAXACA,253,SAN MATEO SINDIHUI,1,3,11,79,229,12,7,0,172,8,2,41,,0,0,1,,,,,,,0,562,37,599,1511,0.3964
20,OAXACA,257,SAN MIGUEL ACHIUTLA,1,1,6,68,50,10,4,6,3,3,2,31,,0,2,2,,,,,,,0,187,7,194,550,0.3527
20,OAXACA,268,SAN MIGUEL EL GRANDE,5,5,19,193,502,9,59,5,117,19,12,530,,0,7,0,,,,,,,2,1472,55,1529,2731,0.5599
20,OAXACA,284,SAN MIGUEL TLACOTEPEC,4,5,44,191,169,20,15,1,9,19,26,293,,0,7,5,,,,,,,0,799,42,841,2460,0.3419
20,OAXACA,295,SAN PABLO TIJALTEPEC,2,4,16,49,179,12,154,8,162,10,4,87,,0,3,1,,,,,,,0,685,38,723,1565,0.4620
20,OAXACA,315,SAN PEDRO MARTIR YUCUXACO,2,2,19,73,50,13,15,7,10,4,6,153,,0,0,1,,,,,,,0,351,25,376,1014,0.3708
20,OAXACA,318,SAN PEDRO MOLINOS,1,1,4,47,73,9,35,3,10,6,3,68,,0,0,2,,,,,,,0,260,9,269,525,0.5124
20,OAXACA,343,SAN SEBASTIAN NICANANDUTA,1,2,18,39,179,7,7,0,2,4,2,43,,0,4,1,,,,,,,0,306,9,315,1241,0.2538
20,OAXACA,371,SANTA CATARINA TAYATA,1,1,8,105,48,8,9,3,1,0,2,77,,0,2,1,,,,,,,1,264,5,270,501,0.5389
20,OAXACA,372,SANTA CATARINA TICUA,2,2,21,110,93,16,23,0,11,6,3,93,,0,1,2,,,,,,,0,379,20,399,717,0.5565
20,OAXACA,373,SANTA CATARINA YOSONOTU,3,4,9,16,117,8,24,3,75,10,18,270,,0,4,0,,,,,,,0,554,25,579,1144,0.5061
20,OAXACA,380,SANTA CRUZ NUNDACO,1,4,33,159,260,15,53,6,11,15,11,220,,0,11,2,,,,,,,0,796,66,862,2063,0.4178
20,OAXACA,383,SANTA CRUZ TACAHUA,1,2,8,84,77,7,107,2,6,4,3,77,,0,0,0,,,,,,,1,375,12,388,856,0.4533
20,OAXACA,384,SANTA CRUZ TAYATA,1,2,9,83,24,8,6,4,1,4,5,41,,0,1,1,,,,,,,0,187,3,190,408,0.4657
20,OAXACA,394,SANTA LUCIA MONTEVERDE,5,8,28,253,534,32,556,13,22,20,20,468,,0,9,6,,,,,,,0,1961,145,2106,4275,0.4926
20,OAXACA,409,SANTA MARIA DEL ROSARIO,1,1,9,73,29,7,17,2,1,4,3,27,,0,3,1,,,,,,,0,176,8,184,358,0.5140
20,OAXACA,424,SANTA MARIA NDUAYACO,2,3,21,109,40,12,10,2,1,2,8,42,,0,1,6,,,,,,,0,254,10,264,415,0.6361
20,OAXACA,431,SANTA MARIA TATALTEPEC,1,1,2,98,7,2,18,1,0,0,3,4,,0,0,0,,,,,,,0,135,1,136,176,0.7727
20,OAXACA,445,SANTA MARIA YOLOTEPEC,1,1,3,16,178,6,6,1,2,1,0,10,,0,1,0,,,,,,,0,224,5,229,314,0.7293
20,OAXACA,446,SANTA MARIA YOSOYUA,1,3,5,58,58,15,107,14,139,5,12,160,,0,1,0,,,,,,,0,574,22,596,1139,0.5233
20,OAXACA,447,SANTA MARIA YUCUHITI,3,8,91,381,350,47,110,26,336,26,78,642,,0,9,13,,,,,,,1,2109,137,2247,4668,0.4814
20,OAXACA,482,SANTIAGO NUNDICHE,2,2,5,108,86,11,41,10,4,9,3,96,,0,1,2,,,,,,,0,376,27,403,749,0.5381
20,OAXACA,483,SANTIAGO NUYOO,2,3,18,77,326,9,39,9,3,6,11,156,,0,3,2,,,,,,,0,659,34,693,1471,0.4711
20,OAXACA,500,SANTIAGO YOLOMECATL,2,4,54,98,138,7,62,11,18,15,8,281,,0,11,6,,,,,,,0,709,23,732,1524,0.4803
20,OAXACA,501,SANTIAGO YOSONDUA,7,12,101,441,1306,55,192,13,11,29,33,432,,0,39,15,,,,,,,0,2667,147,2814,5565,0.5057
20,OAXACA,510,SANTO DOMINGO IXCATLAN,1,1,9,160,56,6,18,0,2,9,1,58,,0,3,2,,,,,,,0,324,17,341,523,0.6520
20,OAXACA,528,SANTO TOMAS OCOTEPEC,2,4,10,138,250,14,27,10,259,15,12,318,,0,1,2,,,,,,,0,1056,48,1104,2627,0.4203
20,OAXACA,532,SANTOS REYES TEPEJILLO,1,2,4,106,122,9,10,4,1,3,7,93,,0,4,1,,,,,,,0,364,10,374,842,0.4442
20,OAXACA,549,"HEROICA VILLA TEZOATLAN DE SEGURA Y LUNA, CUNA DE LA INDEPENDENCIA DE OAXACA",13,19,410,1316,1062,41,958,16,25,54,28,442,,0,13,25,,,,,,,3,4390,229,4622,9283,0.4979
20,OAXACA,553,HEROICA CIUDAD DE TLAXIACO,20,51,294,2107,2931,259,999,657,2487,782,897,4567,,0,74,84,,,,,,,8,16138,625,16771,28358,0.5914
20,OAXACA,1,ABEJONES,1,2,26,22,21,12,43,3,2,11,13,95,,7,1,0,,53,,,,,0,309,19,328,877,0.3740
20,OAXACA,34,GUELATAO DE JUAREZ,1,1,4,38,7,2,86,40,13,0,18,38,,16,0,0,,4,,,,,0,266,9,275,433,0.6351
20,OAXACA,42,IXTLAN DE JUAREZ,7,13,260,633,211,41,393,121,331,43,148,595,,56,19,13,,103,,,,,0,2967,127,3094,5272,0.5869
20,OAXACA,45,MAGDALENA APASCO,4,8,142,340,136,56,301,16,123,25,300,596,,29,12,5,,235,,,,,0,2316,60,2376,5015,0.4738
20,OAXACA,62,NATIVIDAD,1,1,18,15,18,6,20,17,3,79,2,14,,3,2,1,,4,,,,,0,202,15,217,400,0.5425
20,OAXACA,65,NUEVO ZOQUIAPAM,1,3,22,101,21,16,21,20,26,16,4,95,,0,1,2,,16,,,,,0,361,18,379,1153,0.3287
20,OAXACA,74,REYES ETLA,2,5,63,269,110,19,198,10,47,19,91,306,,6,11,8,,18,,,,,2,1175,43,1220,2661,0.4585
20,OAXACA,94,SAN ANDRES SOLAGA,2,3,24,126,37,4,121,6,15,5,2,129,,2,3,1,,2,,,,,0,477,19,496,1181,0.4200
20,OAXACA,97,SAN ANDRES YAA,1,1,4,41,6,2,41,3,0,3,3,97,,2,0,9,,1,,,,,0,212,17,229,388,0.5902
20,OAXACA,111,SAN BALTAZAR YATZACHI EL BAJO,3,3,18,80,19,8,23,2,18,6,1,95,,1,3,1,,0,,,,,0,275,7,282,541,0.5213
20,OAXACA,119,SAN BARTOLOME ZOOGOCHO,1,1,6,35,20,3,13,2,2,2,0,31,,1,0,2,,0,,,,,0,117,7,124,278,0.4460
20,OAXACA,125,SAN CRISTOBAL LACHIRIOAG,1,2,12,290,20,22,32,9,14,23,9,186,,2,1,4,,5,,,,,0,629,40,669,1047,0.6390
20,OAXACA,135,SAN FRANCISCO CAJONOS,1,1,6,41,7,2,20,3,13,3,0,35,,0,0,1,,2,,,,,0,133,5,138,348,0.3966
20,OAXACA,142,SAN FRANCISCO LACHIGOLO,1,4,103,165,61,15,97,13,34,37,8,215,,16,6,10,,32,,,,,0,812,43,855,2332,0.3666
20,OAXACA,153,SAN ILDEFONSO VILLA ALTA,3,7,44,485,80,7,105,32,126,32,18,345,,3,9,3,,21,,,,,0,1310,63,1373,2573,0.5336
20,OAXACA,172,SAN JUAN ATEPEC,2,2,51,85,25,9,54,16,92,10,142,56,,53,2,4,,9,,,,,0,608,25,633,1123,0.5637
20,OAXACA,173,SAN JUAN BAUTISTA ATATLAHUCA,1,2,15,200,67,10,220,1,9,8,2,145,,2,2,1,,6,,,,,0,688,30,718,1278,0.5618
20,OAXACA,176,SAN JUAN BAUTISTA GUELACHE,3,8,150,499,211,37,149,35,51,47,61,575,,38,12,22,,50,,,,,2,1937,75,2014,4108,0.4903
20,OAXACA,183,SAN JUAN BAUTISTA VALLE NACIONAL,15,30,866,1669,367,145,734,375,1545,233,1365,2759,,239,79,60,,571,,,,,4,11007,559,11570,16954,0.6824
20,OAXACA,185,SAN JUAN CHICOMEZUCHIL,1,1,21,83,9,7,21,5,8,1,1,7,,2,5,0,,5,,,,,0,175,3,178,248,0.7177
20,OAXACA,194,SAN JUAN DEL ESTADO,2,4,157,212,151,18,84,4,42,11,120,164,,4,14,9,,29,,,,,0,1019,47,1066,1897,0.5619
20,OAXACA,197,SAN JUAN EVANGELISTA ANALCO,1,1,14,21,6,5,9,0,1,39,45,54,,1,0,0,,5,,,,,0,200,12,212,329,0.6444
20,OAXACA,202,SAN JUAN JUQUILA VIJANOS,2,3,19,165,31,12,115,49,41,12,17,162,,4,1,1,,19,,,,,0,648,45,693,1309,0.5294
20,OAXACA,212,SAN JUAN PETLAPA,2,4,59,151,66,13,97,9,29,10,22,485,,9,6,4,,7,,,,,0,967,135,1102,1736,0.6348
20,OAXACA,214,SAN JUAN QUIOTEPEC,2,4,9,581,23,6,167,40,16,11,23,186,,5,0,4,,5,,,,,0,1076,31,1107,1716,0.6451
20,OAXACA,216,SAN JUAN TABAA,1,2,4,109,30,5,71,1,6,9,4,21,,0,0,1,,1,,,,,0,262,15,277,811,0.3416
20,OAXACA,222,SAN JUAN YAEE,2,2,30,252,29,4,41,11,38,8,5,112,,1,1,0,,4,,,,,0,536,19,555,969,0.5728
20,OAXACA,223,SAN JUAN YATZONA,1,1,1,72,1,1,4,4,128,4,1,14,,0,1,2,,0,,,,,0,233,11,244,326,0.7485
20,OAXACA,246,SAN MATEO CAJONOS,1,1,11,89,8,3,29,1,4,4,0,46,,0,0,1,,25,,,,,0,221,17,238,471,0.5053
20,OAXACA,256,SAN MELCHOR BETAZA,1,2,2,143,14,4,18,16,31,12,5,145,,1,1,0,,13,,,,,0,405,21,426,806,0.5285
20,OAXACA,259,SAN MIGUEL ALOAPAM,2,3,194,269,85,34,48,5,28,11,142,55,,2,6,9,,47,,,,,0,935,49,984,1797,0.5476
20,OAXACA,261,SAN MIGUEL AMATLAN,2,2,25,148,19,15,18,3,5,60,1,58,,0,2,3,,10,,,,,0,367,19,386,762,0.5066
20,OAXACA,266,SAN MIGUEL DEL RIO,1,1,9,27,46,1,6,5,7,0,1,10,,0,2,0,,3,,,,,0,117,2,119,222,0.5360
20,OAXACA,278,VILLA TALEA DE CASTRO,3,3,71,200,38,16,301,2,33,8,4,55,,2,15,5,,7,,,,,1,757,29,787,1667,0.4721
20,OAXACA,286,SAN MIGUEL YOTAO,1,1,13,75,32,0,18,59,15,18,3,16,,0,0,0,,3,,,,,0,252,11,263,421,0.6247
20,OAXACA,294,SAN PABLO MACUILTIANGUIS,1,2,5,17,18,5,12,3,4,5,96,240,,5,1,0,,12,,,,,0,423,14,437,772,0.5661
20,OAXACA,297,SAN PABLO YAGANIZA,1,2,33,54,23,4,7,0,12,4,0,100,,2,5,0,,14,,,,,0,258,10,268,765,0.3503
20,OAXACA,301,SAN PEDRO CAJONOS,1,2,8,82,20,5,50,10,21,8,5,170,,2,0,0,,3,,,,,0,384,10,394,834,0.4724
20,OAXACA,336,SAN PEDRO YANERI,1,2,8,82,21,5,13,6,24,8,57,120,,9,2,1,,3,,,,,0,359,17,376,629,0.5978
20,OAXACA,337,SAN PEDRO YOLOX,2,5,98,384,58,32,84,10,9,28,16,141,,3,1,2,,5,,,,,0,871,48,919,1775,0.5177
20,OAXACA,359,SANTA ANA YARENI,1,1,24,41,23,11,39,3,17,7,2,128,,2,3,0,,19,,,,,0,319,21,340,707,0.4809
20,OAXACA,363,SANTA CATARINA IXTEPEJI,4,4,91,337,44,21,82,4,114,44,57,122,,22,5,7,,25,,,,,0,975,23,998,1976,0.5051
20,OAXACA,365,SANTA CATARINA LACHATAO,3,3,68,206,32,11,55,9,11,36,4,55,,4,2,3,,28,,,,,0,524,29,553,1040,0.5317
20,OAXACA,420,SANTA MARIA JALTIANGUIS,1,1,9,29,13,3,13,11,7,1,64,27,,4,3,1,,2,,,,,0,187,10,197,469,0.4200
20,OAXACA,433,SANTA MARIA TEMAXCALAPA,1,1,10,93,27,4,12,29,59,9,5,95,,0,0,1,,8,,,,,0,352,32,384,695,0.5525
20,OAXACA,443,SANTA MARIA YALINA,1,1,10,31,6,3,5,6,0,7,0,44,,0,1,0,,0,,,,,0,113,3,116,228,0.5088
20,OAXACA,444,SANTA MARIA YAVESIA,1,1,4,33,7,4,34,7,7,2,0,79,,1,0,1,,5,,,,,0,184,5,189,342,0.5526
20,OAXACA,458,SANTIAGO CAMOTLAN,2,5,61,326,133,13,60,19,98,23,17,481,,5,29,6,,5,,,,,0,1276,45,1321,2118,0.6237
20,OAXACA,461,SANTIAGO COMALTEPEC,2,3,48,96,27,8,59,8,53,9,23,102,,8,5,3,,31,,,,,0,480,18,498,1064,0.4680
20,OAXACA,472,SANTIAGO LALOPA,1,1,1,67,16,3,70,2,6,0,2,56,,2,0,0,,0,,,,,0,225,7,232,344,0.6744
20,OAXACA,474,SANTIAGO LAXOPA,2,2,5,53,22,7,30,5,123,7,77,38,,9,0,0,,2,,,,,0,378,20,398,927,0.4293
20,OAXACA,497,SANTIAGO XIACUI,2,3,45,139,68,13,91,37,154,53,17,63,,5,5,4,,22,,,,,0,716,14,730,1234,0.5916
20,OAXACA,504,SANTIAGO ZOOCHILA,1,1,9,29,9,4,15,0,36,3,1,59,,1,0,0,,3,,,,,0,169,8,177,333,0.5315
20,OAXACA,514,SANTO DOMINGO ROAYAGA,1,1,8,250,13,4,7,0,0,3,2,44,,0,0,2,,2,,,,,0,335,16,351,613,0.5726
20,OAXACA,519,SANTO DOMINGO TOMALTEPEC,2,4,223,131,46,36,85,7,48,34,7,242,,9,8,5,,26,,,,,1,907,31,939,2290,0.4100
20,OAXACA,522,SANTO DOMINGO XAGACIA,1,1,7,88,6,3,8,83,24,4,3,108,,0,0,4,,7,,,,,0,345,14,359,697,0.5151
20,OAXACA,541,TANETZE DE ZARAGOZA,2,3,14,152,107,8,49,33,28,4,5,128,,1,1,3,,1,,,,,0,534,20,554,1198,0.4624
20,OAXACA,544,TEOCOCUILCO DE MARCOS PEREZ,1,2,35,98,10,10,10,1,74,8,3,75,,1,1,2,,4,,,,,0,332,19,351,972,0.3611
20,OAXACA,546,TEOTITLAN DEL VALLE,4,7,254,225,97,55,516,52,51,121,18,359,,16,7,9,,60,,,,,2,1840,94,1936,4582,0.4225
20,OAXACA,552,TLALIXTAC DE CABRERA,4,13,355,597,154,98,193,35,116,56,25,485,,49,26,31,,90,,,,,3,2310,119,2432,6815,0.3569
20,OAXACA,559,CAPULALPAM DE MENDEZ,1,2,18,83,22,8,117,57,13,7,16,123,,13,1,1,,47,,,,,0,526,25,551,1112,0.4955
20,OAXACA,560,VILLA DE ETLA,4,15,234,1019,699,94,373,424,122,153,291,1021,,39,41,18,,122,,,,,4,4650,288,4942,7733,0.6391
20,OAXACA,562,VILLA HIDALGO,2,3,6,182,18,7,20,0,38,29,5,182,,0,0,2,,8,,,,,0,497,19,516,1359,0.3797
20,OAXACA,4,ASUNCION CACALOTEPEC,3,4,91,182,55,14,134,60,12,6,16,336,,4,32,11,,,,,,,0,953,50,1003,1708,0.5872
20,OAXACA,60,MIXISTLAN DE LA REFORMA,2,4,59,261,34,21,166,48,229,27,4,97,,0,3,1,,,,,,,0,950,63,1013,1693,0.5983
20,OAXACA,191,SAN JUAN COMALTEPEC,2,4,124,229,44,14,138,4,3,22,13,205,,1,12,1,,,,,,,0,810,49,859,1731,0.4962
20,OAXACA,192,SAN JUAN COTZOCON,9,26,500,3085,473,140,1188,89,116,68,32,947,,15,58,39,,,,,,,1,6750,235,6986,14060,0.4969
20,OAXACA,201,SAN JUAN JUQUILA MIXES,4,5,77,158,37,43,299,130,4,32,16,227,,3,11,3,,,,,,,2,1040,67,1109,2518,0.4404
20,OAXACA,206,SAN JUAN LALANA,7,20,141,3054,353,70,3015,19,9,33,11,432,,8,11,30,,,,,,,2,7186,321,7509,10784,0.6963
20,OAXACA,207,SAN JUAN MAZATLAN,9,25,311,2494,359,134,1191,17,257,251,32,624,2,8,21,26,,,255,,,,0,5982,280,6262,11833,0.5292
20,OAXACA,231,SAN LUCAS CAMOTLAN,1,3,44,182,19,7,15,0,3,3,2,56,,1,44,1,,,,,,,0,377,35,412,1646,0.2503
20,OAXACA,274,SAN MIGUEL QUETZALTEPEC,3,9,219,971,65,73,209,26,108,21,6,125,,16,13,42,,,,,,,0,1894,124,2018,4938,0.4087
20,OAXACA,321,SAN PEDRO OCOTEPEC,1,3,120,140,21,8,38,8,2,6,3,54,,0,9,1,,,,,,,0,410,24,434,1296,0.3349
20,OAXACA,333,SAN PEDRO Y SAN PABLO AYUTLA,4,8,172,514,81,38,367,152,13,20,10,250,,0,36,17,,,,,,,3,1670,136,1809,3703,0.4885
20,OAXACA,397,SANTA MARIA ALOTEPEC,2,5,37,88,28,6,61,17,8,7,17,118,,3,4,4,,,,,,,0,398,75,473,1955,0.2419
20,OAXACA,436,SANTA MARIA TEPANTLALI,2,4,133,430,41,37,154,10,7,22,5,96,,3,9,5,,,,,,,1,952,71,1024,2040,0.5020
20,OAXACA,438,SANTA MARIA TLAHUITOLTEPEC,4,10,111,203,88,77,723,38,20,35,24,353,,26,4,7,,,,,,,3,1709,153,1865,5628,0.3314
20,OAXACA,455,SANTIAGO ATITLAN,2,4,104,291,43,15,156,21,105,17,13,162,,2,23,10,,,,,,,0,962,57,1019,2098,0.4857
20,OAXACA,460,SANTIAGO CHOAPAM,3,5,51,751,79,12,131,4,5,9,6,143,,3,18,17,,,,,,,2,1229,57,1288,2182,0.5903
20,OAXACA,466,SANTIAGO IXCUINTEPEC,1,2,56,308,36,3,35,1,0,3,1,65,,0,2,2,,,,,,,0,512,7,519,955,0.5435
20,OAXACA,499,SANTIAGO YAVEO,5,10,211,744,137,22,1050,4,3,8,5,131,,3,37,14,,,,,,,1,2369,103,2473,4460,0.5545
20,OAXACA,503,SANTIAGO ZACATEPEC,4,7,113,371,116,35,316,5,16,24,16,240,,4,17,15,,,,,,,0,1288,95,1383,3189,0.4337
20,OAXACA,517,SANTO DOMINGO TEPUXTEPEC,3,6,106,533,37,55,167,10,11,213,4,103,,2,3,12,,,,,,,0,1256,110,1366,3416,0.3999
20,OAXACA,540,TAMAZULAPAM DEL ESPIRITU SANTO,5,9,175,224,132,41,606,16,9,53,157,253,,4,13,6,,,,,,,2,1689,116,1807,4964,0.3640
20,OAXACA,554,TOTONTEPEC VILLA DE MORELOS,5,8,281,339,95,28,236,53,11,16,7,341,,2,53,7,,,,,,,0,1469,90,1559,3613,0.4315
20,OAXACA,12,EL BARRIO DE LA SOLEDAD,10,19,1244,2380,278,113,64,392,96,67,97,685,50,161,45,,4,,481,,,,3,6157,305,6465,10045,0.6436
20,OAXACA,15,CHAHUITES,7,14,215,1345,380,240,715,1566,9,36,15,551,15,9,40,,0,,61,,,,2,5197,230,5429,7941,0.6837
20,OAXACA,57,MATIAS ROMERO AVENDAÑO,25,54,2904,3517,643,263,256,470,102,1342,147,2333,141,93,113,,2,,2227,,,,6,14553,792,15351,29038,0.5287
20,OAXACA,72,REFORMA DE PINEDA,2,4,32,727,129,58,53,13,4,12,10,304,6,23,4,,0,,66,,,,0,1441,80,1521,2054,0.7405
20,OAXACA,199,SAN JUAN GUICHICOVI,23,43,270,3797,6851,222,499,21,37,268,46,385,31,29,23,,0,,2125,,,,16,14604,888,15508,21929,0.7072
20,OAXACA,263,SAN MIGUEL CHIMALAPA,6,9,94,1202,428,30,50,1,14,12,22,155,4,5,16,,0,,382,,,,0,2415,121,2536,4647,0.5457
20,OAXACA,325,SAN PEDRO TAPANATEPEC,9,18,2441,2699,134,670,87,15,3,15,11,551,17,6,40,,2,,56,,,,0,6747,251,6998,9737,0.7187
20,OAXACA,405,SANTA MARIA CHIMALAPA,6,11,124,1088,275,52,170,8,22,36,24,179,13,17,9,,0,,266,,,,0,2283,173,2456,4855,0.5059
20,OAXACA,427,SANTA MARIA PETAPA,10,18,363,2304,500,52,1597,56,33,79,37,505,24,25,73,,0,,907,,,,0,6555,269,6824,11006,0.6200
20,OAXACA,481,SANTIAGO NILTEPEC,7,8,28,986,743,30,599,3,16,5,19,296,21,19,7,,0,,76,,,,18,2848,113,2979,4033,0.7387
20,OAXACA,509,SANTO DOMINGO INGENIO,5,12,475,2784,171,99,46,8,9,374,14,318,35,8,24,,0,,118,,,,7,4483,287,4777,6365,0.7505
20,OAXACA,525,SANTO DOMINGO ZANATEPEC,9,17,85,1220,550,440,61,235,35,1517,597,664,47,67,9,,0,,90,,,,0,5617,245,5862,8202,0.7147
20,OAXACA,33,GUADALUPE ETLA,1,3,66,160,47,21,348,13,14,10,42,152,,6,7,9,,,,,,,0,895,22,917,1946,0.4712
20,OAXACA,63,NAZARENO ETLA,2,5,79,267,100,33,730,12,8,11,23,277,,17,5,8,,,,,,,0,1570,45,1615,3091,0.5225
20,OAXACA,81,SAN AGUSTIN ETLA,2,4,130,276,125,62,209,13,36,73,13,382,,35,7,20,,,,,,,0,1381,68,1449,2968,0.4882
20,OAXACA,84,SAN AGUSTIN YATARENI,2,5,119,127,38,23,70,14,30,71,22,173,,11,6,2,,,,,,,0,706,30,736,3038,0.2423
20,OAXACA,88,SAN ANDRES HUAYAPAM,2,6,294,309,127,38,144,32,41,101,40,398,,37,11,12,,,,,,,4,1584,75,1663,3611,0.4605
20,OAXACA,89,SAN ANDRES IXTLAHUACA,1,2,115,138,41,12,103,9,57,7,6,60,,1,3,12,,,,,,,0,564,32,596,1265,0.4711
20,OAXACA,132,SAN FELIPE TEJALAPAM,4,8,214,475,106,75,165,11,637,28,9,371,,10,3,23,,,,,,,0,2127,79,2206,5077,0.4345
20,OAXACA,227,SAN LORENZO CACAOTEPEC,5,16,409,965,342,148,678,64,301,103,144,1163,,82,40,44,,,,,,,3,4483,173,4659,10162,0.4585
20,OAXACA,291,SAN PABLO ETLA,3,15,552,919,293,125,492,62,283,83,80,1327,,156,28,36,,,,,,,7,4436,175,4618,9939,0.4646
20,OAXACA,308,SAN PEDRO IXTLAHUACA,2,9,403,553,268,113,267,22,220,44,38,397,,21,42,23,,,,,,,0,2411,125,2536,5929,0.4277
20,OAXACA,347,SAN SEBASTIAN TUTLA,7,19,861,1229,464,175,564,140,191,247,258,1794,,218,78,46,,,,,,,16,6265,315,6596,12169,0.5420
20,OAXACA,376,SANTA CRUZ AMILPAS,4,13,622,767,252,197,320,582,502,170,157,1049,,265,21,20,,,,,,,3,4924,259,5186,8120,0.6387
20,OAXACA,392,SANTA LUCIA DEL CAMINO,23,64,2167,3570,1735,585,1571,929,1247,741,782,5631,,1507,149,101,,,,,,,45,20715,1066,21826,38380,0.5687
20,OAXACA,537,SOLEDAD ETLA,3,7,153,570,148,78,1126,111,24,68,268,165,,14,6,11,,,,,,,0,2742,71,2813,4022,0.6994
20,OAXACA,66,OAXACA DE JUAREZ,147,372,15796,25306,8346,3026,10555,1886,2525,3712,1497,29323,,2800,1117,785,,,,2411,2271,1964,156,113320,4942,118418,219629,0.5392
20,OAXACA,154,SAN JACINTO AMILPAS,3,14,291,1062,995,109,810,173,225,104,165,1293,,104,35,15,,,,247,,,5,5628,198,5831,10083,0.5783
20,OAXACA,400,SANTA MARIA ATZOMPA,3,31,594,1682,777,191,1359,260,378,152,176,2624,,139,54,65,,,,268,,,6,8719,331,9056,21413,0.4229
20,OAXACA,26,CUILAPAM DE GUERRERO,6,22,668,1444,2125,119,556,384,151,398,218,1573,,165,179,27,,,,,,,4,8007,378,8389,14054,0.5969
20,OAXACA,104,SAN ANTONIO DE LA CAL,5,23,668,934,1134,102,615,65,261,163,163,1699,,110,124,40,,,,,,,5,6078,274,6357,15079,0.4216
20,OAXACA,339,SAN RAYMUNDO JALPAN,1,3,74,136,142,51,71,10,14,15,62,297,,8,9,4,,,,,,,0,893,20,913,1722,0.5302
20,OAXACA,386,SANTA CRUZ XOXOCOTLAN,20,90,2192,5900,7042,511,3789,292,1130,628,1134,7793,,1229,336,133,,,,,,,32,32109,1245,33386,61222,0.5453
20,OAXACA,566,VILLA DE ZAACHILA,7,38,390,3028,2659,505,511,88,356,585,731,3407,,218,106,55,,,,,,,8,12639,626,13273,25813,0.5142
20,OAXACA,3,ANIMAS TRUJANO,2,5,155,390,165,46,159,59,33,34,10,337,,30,16,8,,,,,,,3,1442,46,1491,2948,0.5058
20,OAXACA,8,ASUNCION OCOTLAN,3,5,232,451,122,17,18,4,9,517,11,97,,4,7,9,,,,,,,0,1498,81,1579,2626,0.6013
20,OAXACA,10,AYOQUEZCO DE ALDAMA,4,8,406,271,111,50,86,161,97,36,11,301,,6,43,4,,,,,,,3,1583,82,1668,3962,0.4210
20,OAXACA,17,CIENEGA DE ZIMATLAN,2,4,89,786,546,16,38,12,3,12,80,75,,7,14,8,,,,,,,0,1686,50,1736,2416,0.7185
20,OAXACA,47,MAGDALENA MIXTEPEC,1,1,16,108,157,3,5,75,89,1,2,16,,0,6,0,,,,,,,0,478,11,489,724,0.6754
20,OAXACA,67,OCOTLAN DE MORELOS,15,30,1149,1860,2123,146,465,651,102,935,356,2919,,120,75,19,,,,,,,8,10920,541,11469,15804,0.7257
20,OAXACA,80,SAN AGUSTIN DE LAS JUNTAS,2,9,287,583,361,68,414,62,81,29,41,716,,50,30,20,,,,,,,5,2742,100,2847,6107,0.4662
20,OAXACA,98,SAN ANDRES ZABACHE,1,1,9,101,111,7,11,4,24,4,7,24,,2,4,2,,,,,,,0,310,24,334,647,0.5162
20,OAXACA,100,SAN ANTONINO CASTILLO VELASCO,4,8,120,364,430,21,63,228,53,34,45,633,,235,34,10,,,,,,,2,2270,189,2461,4067,0.6051
20,OAXACA,101,SAN ANTONINO EL ALTO,2,3,99,266,201,26,40,60,36,32,6,100,,7,8,2,,,,,,,0,883,46,929,1676,0.5543
20,OAXACA,105,SAN ANTONIO HUITEPEC,6,7,137,295,229,27,250,78,265,20,264,260,,6,53,5,,,,,,,1,1889,69,1959,3071,0.6379
20,OAXACA,112,SAN BARTOLO COYOTEPEC,3,10,317,578,372,56,693,86,62,77,54,825,,77,44,18,,,,,,,7,3259,143,3409,6276,0.5432
20,OAXACA,120,SAN BERNARDO MIXTEPEC,2,4,140,235,237,13,34,179,45,14,6,108,,5,19,4,,,,,,,0,1039,57,1096,2180,0.5028
20,OAXACA,129,SAN DIONISIO OCOTLAN,1,2,55,115,119,8,60,11,1,16,17,88,,5,4,2,,,,,,,0,501,21,522,928,0.5625
20,OAXACA,186,SAN JUAN CHILATECA,1,2,137,173,281,8,16,6,9,9,10,151,,9,16,4,,,,,,,0,829,29,858,1197,0.7168
20,OAXACA,241,SAN MARTIN LACHILA,1,2,62,115,138,6,13,2,168,2,3,26,,2,10,2,,,,,,,0,549,21,570,886,0.6433
20,OAXACA,243,SAN MARTIN TILCAJETE,1,2,90,105,162,8,23,7,3,20,12,120,,8,12,1,,,,,,,2,571,51,624,1380,0.4522
20,OAXACA,270,SAN MIGUEL MIXTEPEC,2,4,198,200,309,31,53,61,114,29,18,196,,7,12,6,,,,,,,0,1234,85,1319,2023,0.6520
20,OAXACA,290,SAN PABLO CUATRO VENADOS,1,2,20,217,33,17,56,59,112,10,18,27,,2,6,4,,,,,,,0,581,40,621,934,0.6649
20,OAXACA,293,SAN PABLO HUIXTEPEC,6,12,477,1494,324,100,686,87,40,284,183,1099,,30,21,16,,,,,,,0,4841,236,5077,7083,0.7168
20,OAXACA,299,SAN PEDRO APOSTOL,2,2,103,90,120,35,27,62,3,9,8,107,,8,13,5,,,,,,,0,590,32,622,1273,0.4886
20,OAXACA,313,SAN PEDRO MARTIR,1,2,95,168,175,14,53,31,3,70,9,51,,4,8,3,,,,,,,0,684,37,721,1411,0.5110
20,OAXACA,351,SAN VICENTE LACHIXIO,1,3,38,117,273,22,61,14,17,6,2,77,,0,6,0,,,,,,,0,633,40,673,1833,0.3672
20,OAXACA,358,SANTA ANA TLAPACOYAN,2,3,340,121,108,16,30,10,16,10,9,112,,2,34,5,,,,,,,0,813,33,846,1654,0.5115
20,OAXACA,360,SANTA ANA ZEGACHE,2,5,85,701,738,15,83,47,19,10,13,183,,9,16,15,,,,,,,0,1934,81,2015,2916,0.6910
20,OAXACA,369,SANTA CATARINA QUIANE,1,3,173,195,107,14,60,96,4,21,10,177,,6,11,4,,,,,,,0,878,52,930,1551,0.5996
20,OAXACA,379,SANTA CRUZ MIXTEPEC,3,5,123,412,259,24,33,68,76,22,16,280,,14,25,7,,,,,,,3,1359,83,1445,2584,0.5592
20,OAXACA,388,SANTA GERTRUDIS,3,5,101,520,371,17,50,25,150,22,9,303,,5,30,14,,,,,,,2,1617,83,1702,2455,0.6933
20,OAXACA,389,SANTA INES DEL MONTE,1,3,22,231,290,20,150,58,21,9,23,50,,4,12,3,,,,,,,0,893,64,957,1620,0.5907
20,OAXACA,390,SANTA INES YATZECHE,1,2,49,98,117,3,6,15,2,3,1,25,,0,12,1,,,,,,,0,332,17,349,837,0.4170
20,OAXACA,395,SANTA LUCIA OCOTLAN,1,4,97,379,229,19,72,63,42,31,7,123,,4,5,5,,,,,,,0,1076,84,1160,2736,0.4240
20,OAXACA,408,SANTA MARIA COYOTEPEC,1,3,122,283,126,22,65,12,28,33,14,180,,18,13,8,,,,,,,2,924,49,975,2039,0.4782
20,OAXACA,421,SANTA MARIA LACHIXIO,1,2,35,97,241,11,29,71,4,5,3,94,,1,8,0,,,,,,,0,599,43,642,1081,0.5939
20,OAXACA,430,SANTA MARIA SOLA,1,2,81,66,311,8,46,4,8,4,2,24,,2,27,3,,,,,,,0,586,42,628,1114,0.5637
20,OAXACA,453,SANTIAGO APOSTOL,3,6,325,322,281,16,106,25,16,30,19,168,,11,26,8,,,,,,,0,1353,99,1452,3306,0.4392
20,OAXACA,526,SANTO TOMAS JALIEZA,3,5,195,305,493,12,140,61,11,25,75,133,,11,43,2,,,,,,,0,1506,40,1546,2426,0.6373
20,OAXACA,555,TRINIDAD ZAACHILA,2,4,27,346,516,13,21,7,13,45,57,402,,11,13,4,,,,,,,1,1475,97,1573,2274,0.6917
20,OAXACA,570,ZIMATLAN DE ALVAREZ,13,26,1311,1980,1074,548,741,1514,225,367,120,1554,,100,122,27,,,,,,,9,9683,596,10288,14752,0.6974
20,OAXACA,50,MAGDALENA TEITIPAC,2,4,73,143,36,18,41,1,8,10,7,131,,4,13,10,,,,,,,0,495,49,544,2736,0.1988
20,OAXACA,64,NEJAPA DE MADERO,8,11,932,547,298,43,182,11,7,25,25,317,,4,53,13,,,,,,,1,2457,80,2538,5397,0.4703
20,OAXACA,75,ROJAS DE CUAUHTEMOC,1,2,74,104,69,19,39,6,8,12,7,74,,16,8,2,,,,,,,1,438,19,458,897,0.5106
20,OAXACA,109,SAN BALTAZAR CHICHICAPAM,2,4,31,476,910,12,23,13,15,9,8,263,,4,9,8,,,,,,,0,1781,71,1852,2285,0.8105
20,OAXACA,114,SAN BARTOLO YAUTEPEC,1,1,196,62,20,3,2,0,1,1,0,27,,0,10,2,,,,,,,0,324,8,332,510,0.6510
20,OAXACA,117,SAN BARTOLOME QUIALANA,1,3,189,196,49,28,25,8,2,8,2,25,,9,14,3,,,,,,,0,558,41,599,2167,0.2764
20,OAXACA,122,SAN CARLOS YAUTEPEC,10,18,1347,975,548,59,95,9,6,42,14,243,,3,86,20,,,,,,,0,3447,127,3574,6760,0.5287
20,OAXACA,128,SAN DIONISIO OCOTEPEC,5,13,320,490,283,81,464,18,13,30,17,337,,7,10,8,,,,,,,7,2078,110,2195,7654,0.2868
20,OAXACA,143,SAN FRANCISCO LOGUECHE,2,3,74,141,23,20,45,2,5,14,9,138,,2,0,4,,,,,,,0,477,147,624,1658,0.3764
20,OAXACA,159,SAN JERONIMO TAVICHE,1,2,44,231,42,17,14,5,3,5,4,96,,2,7,4,,,,,,,0,474,26,500,1151,0.4344
20,OAXACA,161,SAN JERONIMO TLACOCHAHUAYA,4,8,273,583,161,47,85,18,29,29,19,366,,41,12,20,,,,,,,1,1683,84,1768,4040,0.4376
20,OAXACA,168,SAN JOSE LACHIGUIRI,3,5,150,426,79,49,66,26,25,45,36,331,,12,4,2,,,,,,,0,1251,95,1346,2819,0.4775
20,OAXACA,195,SAN JUAN DEL RIO,1,2,34,219,24,40,18,0,2,6,7,26,,0,2,7,,,,,,,0,385,17,402,1042,0.3858
20,OAXACA,198,SAN JUAN GUELAVIA,2,4,115,313,49,25,70,3,18,13,5,149,,33,3,3,,,,,,,0,799,32,831,2376,0.3497
20,OAXACA,204,SAN JUAN LACHIGALLA,4,4,308,336,38,26,455,7,8,13,10,54,,1,2,3,,,,,,,0,1261,59,1320,2192,0.6022
20,OAXACA,205,SAN JUAN LAJARCIA,1,1,56,153,29,1,4,1,0,1,15,34,,1,3,0,,,,,,,0,298,3,301,539,0.5584
20,OAXACA,219,SAN JUAN TEITIPAC,2,4,144,275,74,33,56,9,14,19,10,81,,4,17,21,,,,,,,0,757,67,824,1992,0.4137
20,OAXACA,226,SAN LORENZO ALBARRADAS,2,4,114,311,36,24,147,5,3,20,139,55,,18,1,3,,,,,,,0,876,44,920,2037,0.4516
20,OAXACA,233,SAN LUCAS QUIAVINI,1,2,94,167,18,12,213,2,3,5,4,23,,2,2,1,,,,,,,0,546,17,563,1455,0.3869
20,OAXACA,235,SAN LUIS AMATLAN,4,6,171,610,62,53,60,10,119,38,12,135,,6,2,12,,,,,,,0,1290,84,1374,2682,0.5123
20,OAXACA,282,SAN MIGUEL TILQUIAPAM,2,4,167,122,152,18,54,2,16,37,15,234,,3,11,6,,,,,,,0,837,99,936,2231,0.4195
20,OAXACA,296,SAN PABLO VILLA DE MITLA,8,16,1401,2003,203,528,412,34,43,83,125,495,,48,51,217,,,,,,,2,5643,286,5931,8798,0.6741
20,OAXACA,314,SAN PEDRO MARTIR QUIECHAPA,1,1,43,80,25,7,19,2,16,2,2,37,,1,7,0,,,,,,,1,241,7,249,541,0.4603
20,OAXACA,323,SAN PEDRO QUIATONI,6,13,560,1678,271,146,242,32,33,70,25,408,,5,23,31,,,,,,,0,3524,212,3736,6909,0.5407
20,OAXACA,326,SAN PEDRO TAVICHE,1,2,31,168,48,7,173,3,1,5,3,11,,1,2,2,,,,,,,0,455,21,476,789,0.6033
20,OAXACA,331,SAN PEDRO TOTOLAPAM,3,4,243,176,94,25,121,11,8,13,8,120,,7,7,6,,,,,,,0,839,29,868,2263,0.3836
20,OAXACA,340,SAN SEBASTIAN ABASOLO,1,2,115,169,45,13,40,4,33,10,1,92,,0,8,0,,,,,,,0,530,14,544,1492,0.3646
20,OAXACA,346,SAN SEBASTIAN TEITIPAC,1,3,215,215,36,16,46,5,5,22,2,101,,5,5,7,,,,,,,0,680,35,715,1631,0.4384
20,OAXACA,356,SANTA ANA DEL VALLE,2,3,90,135,71,17,96,12,10,27,24,58,,4,7,6,,,,,,,1,557,29,587,1699,0.3455
20,OAXACA,357,SANTA ANA TAVELA,1,1,119,142,24,3,4,6,0,1,3,19,,0,15,4,,,,,,,0,340,23,363,641,0.5663
20,OAXACA,368,SANTA CATARINA MINAS,2,2,120,147,138,20,47,6,8,18,7,175,,6,10,3,,,,,,,0,705,47,752,1381,0.5445
20,OAXACA,381,SANTA CRUZ PAPALUTLA,1,2,65,192,74,13,41,3,5,7,7,236,,6,14,8,,,,,,,0,671,32,703,1481,0.4747
20,OAXACA,410,SANTA MARIA DEL TULE,5,13,432,848,278,85,339,47,73,58,23,921,,92,106,125,,,,,,,1,3427,154,3582,6512,0.5501
20,OAXACA,412,SANTA MARIA GUELACE,1,1,33,77,37,9,17,2,16,7,4,49,,9,5,5,,,,,,,0,270,19,289,570,0.5070
20,OAXACA,429,SANTA MARIA QUIEGOLANI,1,2,292,171,65,12,17,2,4,3,0,62,,1,13,10,,,,,,,0,652,15,667,1199,0.5563
20,OAXACA,450,SANTA MARIA ZOQUITLAN,4,6,160,393,152,44,152,10,8,20,3,87,,6,19,15,,,,,,,0,1069,54,1123,2627,0.4275
20,OAXACA,476,SANTIAGO MATATLAN,5,12,638,748,331,102,326,25,54,91,23,422,,17,35,18,,,,,,,6,2830,189,3025,7246,0.4175
20,OAXACA,505,SANTO DOMINGO ALBARRADAS,1,1,19,88,43,13,13,1,2,17,6,70,,0,4,5,,,,,,,0,281,11,292,576,0.5069
20,OAXACA,550,TLACOLULA DE MATAMOROS,10,30,1902,1978,1156,270,338,790,119,469,107,1562,,100,151,81,,,,,,,8,9023,452,9483,17259,0.5495
20,OAXACA,561,VILLA DIAZ ORDAZ,5,10,335,513,169,84,249,27,24,77,34,335,,14,17,12,,,,,,,0,1890,115,2005,4679,0.4285
20,OAXACA,563,YAXE,2,4,184,300,68,18,56,1,1,11,5,86,,2,4,7,,,,,,,1,743,59,803,1791,0.4484
20,OAXACA,9,ASUNCION TLACOLULITA,2,2,8,142,61,1,51,0,1,0,7,60,,38,1,1,,,,,,,0,371,10,381,631,0.6038
20,OAXACA,35,GUEVEA DE HUMBOLDT,4,7,37,1132,113,20,29,1,5,13,10,502,,56,3,10,,,,,,,0,1931,69,2000,3788,0.5280
20,OAXACA,51,MAGDALENA TEQUISISTLAN,6,10,373,746,319,29,187,206,326,22,50,1265,,442,6,12,,,,,,,0,3983,158,4141,5274,0.7852
20,OAXACA,52,MAGDALENA TLACOTEPEC,1,2,10,70,56,11,131,144,2,2,1,351,,10,0,0,,,,,,,0,788,80,868,1016,0.8543
20,OAXACA,280,SAN MIGUEL TENANGO,1,1,6,139,48,7,9,5,10,4,5,12,,16,5,3,,,,,,,0,269,12,281,609,0.4614
20,OAXACA,305,SAN PEDRO HUAMELULA,7,14,253,945,974,16,124,10,94,34,58,836,,1243,9,5,,,,,,,0,4601,217,4818,7072,0.6813
20,OAXACA,411,SANTA MARIA ECATEPEC,4,5,154,210,173,71,47,3,2,15,25,203,,47,11,4,,,,,,,0,965,42,1007,2206,0.4565
20,OAXACA,413,SANTA MARIA GUIENAGATI,2,4,5,393,68,14,9,2,5,5,11,138,,160,2,9,,,,,,,0,821,42,863,2050,0.4210
20,OAXACA,419,SANTA MARIA JALAPA DEL MARQUES,7,16,177,1649,566,103,162,17,79,39,42,2912,,309,12,15,,,,,,,23,6082,216,6321,9018,0.7009
20,OAXACA,422,SANTA MARIA MIXTEQUILLA,3,6,33,432,76,66,1039,7,38,11,30,630,,7,1,11,,,,,,,0,2381,92,2473,3423,0.7225
20,OAXACA,441,SANTA MARIA TOTOLAPILLA,1,1,17,157,43,1,100,1,1,4,6,66,,54,3,0,,,,,,,0,453,16,469,729,0.6433
20,OAXACA,454,SANTIAGO ASTATA,4,7,82,606,136,18,65,3,4,22,13,474,,8,7,11,,,,,,,0,1449,36,1485,2838,0.5233
20,OAXACA,471,SANTIAGO LACHIGUIRI,5,8,37,762,457,12,77,2,2,14,8,258,,11,11,5,,,,,,,2,1656,68,1726,3542,0.4873
20,OAXACA,473,SANTIAGO LAOLLAGA,3,5,9,567,106,48,208,21,5,252,13,551,,25,0,20,,,,,,,0,1825,67,1892,2657,0.7121
20,OAXACA,507,SANTO DOMINGO CHIHUITAN,1,2,4,393,20,6,368,2,1,4,6,177,,0,0,5,,,,,,,0,986,28,1014,1248,0.8125
20,OAXACA,513,SANTO DOMINGO PETAPA,9,13,16,1595,422,18,52,8,4,1014,39,1168,,46,4,5,,,,,,,2,4391,86,4479,6059,0.7392
20,OAXACA,515,SANTO DOMINGO TEHUANTEPEC,30,84,927,7759,5654,587,3958,328,1253,230,578,6343,,236,229,115,,,,,,,16,28197,1170,29383,46588,0.6307
20,OAXACA,6,ASUNCION IXTALTEPEC,14,25,269,2976,3100,110,43,16,30,309,7,533,,11,116,47,,,,,,,3,7567,233,7803,11756,0.6637
20,OAXACA,41,CIUDAD IXTEPEC,17,37,850,2491,2635,177,1447,55,280,147,62,4228,,83,98,85,,,,,,,6,12638,569,13213,19987,0.6611
20,OAXACA,76,SALINA CRUZ,41,105,5585,6933,4179,354,2747,306,1035,1521,153,5913,,309,448,123,,,,,,,10,29606,1251,30867,61755,0.4998
20,OAXACA,121,SAN BLAS ATEMPA,6,22,91,3575,4892,114,83,35,29,37,51,1275,,17,61,45,,,,,,,1,10305,210,10516,13539,0.7767
20,OAXACA,303,SAN PEDRO COMITANCILLO,2,5,49,676,997,10,64,51,35,6,6,711,,3,19,8,,,,,,,2,2635,90,2727,3373,0.8085
20,OAXACA,306,SAN PEDRO HUILOTEPEC,1,3,51,496,260,12,158,4,252,54,1,313,,18,5,6,,,,,,,0,1630,41,1671,2213,0.7551
20,OAXACA,442,SANTA MARIA XADANI,4,10,690,583,158,692,13,2,42,0,14,534,,129,6,6,,,,,,,0,2869,111,2980,5705,0.5223
20,OAXACA,30,EL ESPINAL,7,14,77,1217,543,66,386,28,485,50,29,1989,,21,13,28,,,,,,,2,4932,245,5179,6596,0.7852
20,OAXACA,43,HEROICA CIUDAD DE JUCHITAN DE ZARAGOZA,48,115,1202,10149,9511,807,2425,693,493,618,589,9181,,447,225,178,,,,,,,18,36518,2681,39217,66299,0.5915
20,OAXACA,127,SAN DIONISIO DEL MAR,3,7,73,1140,644,96,39,2,3,7,59,105,,2,8,16,,,,,,,0,2194,32,2226,3812,0.5839
20,OAXACA,138,SAN FRANCISCO DEL MAR,5,11,25,2028,244,26,25,7,1343,5,7,398,,1,0,3,,,,,,,0,4112,31,4143,5244,0.7900
20,OAXACA,140,SAN FRANCISCO IXHUATAN,8,14,755,1572,921,306,132,4,3,19,18,1132,,7,72,11,,,,,,,1,4952,133,5086,6929,0.7340
20,OAXACA,247,SAN MATEO DEL MAR,5,15,361,2083,1130,103,219,16,43,58,25,702,,15,60,30,,,,,,,19,4845,305,5169,9110,0.5674
20,OAXACA,557,UNION HIDALGO,11,19,176,1830,1211,115,1944,18,16,72,35,1850,,136,74,56,,,,,,,5,7533,319,7857,10499,0.7484
20,OAXACA,18,COATECAS ALTAS,4,6,147,639,221,33,467,17,24,31,93,251,,14,3,7,,,,,,,0,1947,138,2085,4040,0.5161
20,OAXACA,20,LA COMPAÑIA,4,6,86,582,56,50,147,6,438,11,9,55,,10,8,14,,,,,,,0,1472,64,1536,2676,0.5740
20,OAXACA,28,HEROICA CIUDAD DE EJUTLA DE CRESPO,18,30,3418,2986,218,133,777,205,211,146,458,1353,,99,113,40,,,,,,,2,10157,626,10785,16162,0.6673
20,OAXACA,48,MAGDALENA OCOTLAN,1,2,7,180,229,4,32,12,1,6,53,121,,1,5,1,,,,,,,0,652,36,628,824,0.7621
20,OAXACA,68,LA PE,1,3,36,405,75,8,206,6,128,9,27,45,,2,8,3,,,,,,,0,958,29,987,1592,0.6200
20,OAXACA,77,SAN AGUSTIN AMATENGO,2,2,197,350,84,8,58,5,2,15,45,138,,2,7,6,,,,,,,0,917,53,970,1301,0.7456
20,OAXACA,134,SAN FRANCISCO CAHUACUA,3,5,99,166,252,24,73,9,92,20,10,357,,3,19,1,,,,,,,0,1125,53,1178,2071,0.5688
20,OAXACA,146,SAN FRANCISCO SOLA,1,2,50,161,46,12,77,1,2,10,9,87,,3,7,6,,,,,,,0,471,33,504,1121,0.4496
20,OAXACA,150,SAN GABRIEL MIXTEPEC,3,6,57,750,91,28,122,5,43,18,12,793,,4,7,23,,,,,,,0,1953,58,2011,3222,0.6241
20,OAXACA,152,SAN ILDEFONSO SOLA,1,1,12,91,74,13,41,3,2,3,1,24,,4,1,1,,,,,,,0,270,26,296,515,0.5748
20,OAXACA,155,SAN JACINTO TLACOTEPEC,1,3,104,148,202,12,14,3,6,17,10,115,,1,9,2,,,,,,,28,643,58,729,1601,0.4553
20,OAXACA,156,SAN JERONIMO COATLAN,3,7,285,608,184,42,40,6,179,22,13,319,,4,10,5,,,,,,,1,1717,44,1762,3080,0.5721
20,OAXACA,169,SAN JOSE DEL PROGRESO,4,8,353,894,368,53,88,21,26,41,32,507,,10,22,23,,,,,,,6,2438,88,2532,4652,0.5443
20,OAXACA,229,SAN LORENZO TEXMELUCAN,2,7,141,523,295,37,98,8,9,46,42,623,,6,10,7,,,,,,,4,1845,99,1948,4073,0.4783
20,OAXACA,238,SAN MARTIN DE LOS CANSECOS,1,1,0,0,0,0,42,5,1,2,21,59,,3,74,166,,,,,,,0,373,23,396,626,0.6326
20,OAXACA,267,SAN MIGUEL EJUTLA,1,1,47,211,12,4,52,8,7,5,19,41,,1,2,4,,,,,,,1,413,13,427,729,0.5857
20,OAXACA,287,SAN NICOLAS,1,2,242,93,17,6,8,2,2,3,2,30,,2,4,6,,,,,,,0,417,15,432,902,0.4789
20,OAXACA,312,SAN PEDRO JUCHATENGO,1,2,23,348,45,12,7,3,164,3,3,81,,0,4,10,,,,,,,0,703,33,736,1206,0.6103
20,OAXACA,341,SAN SEBASTIAN COATLAN,2,4,61,784,5,41,66,0,2,8,2,50,,3,1,37,,,,,,,1,1060,32,1093,1892,0.5777
20,OAXACA,348,SAN SIMON ALMOLONGAS,2,4,144,227,21,20,45,9,32,20,11,241,,5,8,8,,,,,,,0,791,52,843,2274,0.3707
20,OAXACA,350,SAN VICENTE COATLAN,2,5,76,512,89,27,117,6,30,10,4,39,,3,4,6,,,,,,,3,923,101,1027,2753,0.3730
20,OAXACA,387,SANTA CRUZ ZENZONTEPEC,8,20,208,1156,1213,188,262,25,50,74,54,1176,,25,32,17,,,,,,,2,4480,466,4948,10719,0.4616
20,OAXACA,449,SANTA MARIA ZANIZA,1,2,21,226,71,10,8,1,24,3,8,257,,2,1,7,,,,,,,0,639,42,681,1135,0.6000
20,OAXACA,451,SANTIAGO AMOLTEPEC,5,11,43,701,195,72,55,8,828,44,41,787,,11,3,7,,,,,,,1,2795,218,3014,6500,0.4637
20,OAXACA,478,SANTIAGO MINAS,1,2,54,63,41,17,410,0,3,8,6,29,,0,2,0,,,,,,,0,633,19,652,1059,0.6157
20,OAXACA,492,SANTIAGO TEXTITLAN,2,4,67,422,248,20,42,3,5,9,5,519,,4,13,7,,,,,,,11,1364,43,1418,2414,0.5874
20,OAXACA,516,SANTO DOMINGO TEOJOMULCO,2,5,166,251,244,19,94,3,6,16,24,445,,4,24,5,,,,,,,0,1301,80,1381,3003,0.4599
20,OAXACA,536,VILLA SOLA DE VEGA,10,18,649,970,231,95,1287,32,139,737,69,828,,7,18,11,,,,,,,0,5073,382,5455,8736,0.6244
20,OAXACA,538,TANICHE,1,1,22,113,6,7,64,1,38,0,21,24,,4,0,4,,,,,,,0,304,19,323,643,0.5023
20,OAXACA,564,YOGANA,1,2,76,240,18,15,39,3,3,8,5,28,,2,2,6,,,,,,,0,445,53,498,1105,0.4507
20,OAXACA,567,SAN MATEO YUCUTINDOO,2,4,46,304,172,29,36,3,4,21,11,236,,6,5,5,,,,,,,0,878,53,931,1931,0.4821
20,OAXACA,56,MARTIRES DE TACUBAYA,1,2,13,44,34,0,68,36,34,2,0,49,,2,0,1,,,,,,,0,283,7,290,1067,0.2718
20,OAXACA,69,PINOTEPA DE DON LUIS,5,9,22,1239,1628,10,29,2,2,8,7,418,,5,12,22,,,,,,,0,3404,64,3468,4512,0.7686
20,OAXACA,79,SAN AGUSTIN CHAYUCO,3,6,24,502,828,32,25,5,6,13,14,263,,4,20,13,,,,,,,1,1749,68,1818,2963,0.6136
20,OAXACA,87,SAN ANDRES HUAXPALTEPEC,3,6,85,675,673,15,202,27,617,25,10,579,,10,17,7,,,,,,,1,2942,81,3024,4328,0.6987
20,OAXACA,108,SAN ANTONIO TEPETLAPA,2,5,19,115,205,7,42,4,4,13,9,285,,3,3,1,,,,,,,0,710,59,769,2713,0.2835
20,OAXACA,166,SAN JOSE ESTANCIA GRANDE,1,1,7,211,22,4,148,2,1,4,12,144,,0,0,4,,,,,,,0,559,22,581,741,0.7841
20,OAXACA,178,SAN JUAN BAUTISTA LO DE SOTO,2,5,194,435,189,9,226,230,25,6,3,107,,2,38,4,,,,,,,0,1468,44,1512,1996,0.7575
20,OAXACA,184,SAN JUAN CACAHUATEPEC,7,12,31,1154,1098,43,101,697,448,26,85,556,,5,16,13,,,,,,,0,4273,132,4405,6391,0.6893
20,OAXACA,190,SAN JUAN COLORADO,5,13,21,2066,1935,42,25,2,298,9,7,255,,3,13,12,,,,,,,1,4688,132,4821,6289,0.7666
20,OAXACA,225,SAN LORENZO,3,6,820,337,137,21,20,30,191,726,11,638,,8,21,0,,,,,,,1,2960,83,3044,3829,0.7950
20,OAXACA,283,SAN MIGUEL TLACAMAMA,2,5,28,449,505,19,43,4,441,18,11,294,,6,12,15,,,,,,,0,1845,97,1942,2527,0.7685
20,OAXACA,300,SAN PEDRO ATOYAC,4,6,17,838,1152,10,8,2,3,7,13,96,,0,3,9,,,,,,,0,2158,50,2208,2852,0.7742
20,OAXACA,310,SAN PEDRO JICAYAN,7,13,53,1403,2163,41,85,8,100,30,55,1158,,37,22,33,,,,,,,0,5188,188,5376,7426,0.7239
20,OAXACA,342,SAN SEBASTIAN IXCAPA,4,7,18,788,995,20,29,7,12,12,31,298,,1,7,9,,,,,,,0,2227,38,2265,2980,0.7601
20,OAXACA,367,SANTA CATARINA MECHOACAN,2,4,10,709,394,17,12,3,9,8,9,175,,2,7,13,,,,,,,0,1368,65,1433,2709,0.5290
20,OAXACA,407,SANTA MARIA CORTIJO,1,2,9,158,28,2,351,29,99,5,11,22,,0,0,2,,,,,,,0,716,4,720,950,0.7579
20,OAXACA,415,SANTA MARIA HUAZOLOTITLAN,5,15,58,1901,2157,28,794,10,13,26,15,530,,6,27,43,,,,,,,0,5608,162,5770,7945,0.7262
20,OAXACA,467,SANTIAGO IXTAYUTLA,7,15,67,437,1752,37,118,13,31,42,68,970,,14,12,11,,,,,,,16,3572,208,3796,7788,0.4874
20,OAXACA,468,SANTIAGO JAMILTEPEC,13,24,163,4257,2199,76,203,35,39,63,44,2357,,38,50,53,,,,,,,2,9577,261,9840,13338,0.7377
20,OAXACA,475,SANTIAGO LLANO GRANDE,3,5,4,532,60,5,1115,0,2,1,4,140,,5,1,6,,,,,,,0,1875,30,1905,2731,0.6975
20,OAXACA,484,SANTIAGO PINOTEPA NACIONAL,24,64,591,6267,11395,150,952,128,101,226,157,1487,,44,325,132,,,,,,,9,21955,755,22719,36976,0.6144
20,OAXACA,487,SANTIAGO TAPEXTLA,2,5,13,567,147,4,564,2,3,10,16,151,,0,4,8,,,,,,,0,1489,75,1564,2190,0.7142
20,OAXACA,506,SANTO DOMINGO ARMENTA,2,4,64,484,783,1,146,1,2,1,11,51,,1,31,19,,,,,,,0,1595,41,1636,2274,0.7194
20,OAXACA,203,SAN JUAN LACHAO,2,5,60,436,61,25,43,8,25,19,74,608,,8,4,6,,,,,,,0,1377,75,1452,2945,0.4930
20,OAXACA,213,SAN JUAN QUIAHIJE,2,5,40,276,74,39,70,6,9,32,29,523,,8,5,5,,,,,,,0,1116,124,1240,2818,0.4400
20,OAXACA,271,SAN MIGUEL PANIXTLAHUACA,2,7,33,278,97,30,55,8,14,24,34,768,,12,5,7,,,,,,,0,1365,182,1547,3871,0.3996
20,OAXACA,316,SAN PEDRO MIXTEPEC,13,51,2281,6264,1685,538,1962,94,131,186,123,3883,,115,490,537,,,,,,,6,18289,679,18974,32893,0.5768
20,OAXACA,332,VILLA DE TUTUTEPEC DE MELCHOR OCAMPO,21,55,439,5360,1759,380,424,201,510,2112,162,6783,,77,116,170,,,,,,,29,18493,820,19342,32416,0.5967
20,OAXACA,364,SANTA CATARINA JUQUILA,7,22,632,2071,628,224,2219,183,29,63,63,1662,,13,31,76,,,,,,,2,7894,313,8209,10924,0.7515
20,OAXACA,434,SANTA MARIA TEMAXCALTEPEC,1,3,9,361,36,8,6,6,4,9,19,177,,3,1,9,,,,,,,0,648,43,691,1635,0.4226
20,OAXACA,490,SANTIAGO TETEPEC,3,8,514,584,51,22,847,4,6,18,6,331,,2,11,4,,,,,,,0,2400,106,2506,3284,0.7631
20,OAXACA,498,SANTIAGO YAITEPEC,1,4,33,640,208,72,81,5,98,13,21,409,,9,4,12,,,,,,,0,1605,61,1666,2619,0.6361
20,OAXACA,530,SANTOS REYES NOPALA,7,20,104,3053,440,90,204,15,32,66,121,2468,,38,19,62,,,,,,,2,6712,241,6955,11383,0.6110
20,OAXACA,542,TATALTEPEC DE VALDES,3,6,56,259,115,96,48,13,47,27,31,635,,15,19,9,,,,,,,7,1370,75,1452,3690,0.3935
20,OAXACA,14,CANDELARIA LOXICHA,6,11,160,1013,403,97,510,25,219,43,34,428,,12,24,36,,,,,,,1,3004,131,3136,6397,0.4902
20,OAXACA,59,MIAHUATLAN DE PORFIRIO DIAZ,22,54,3098,5381,320,319,755,139,896,253,275,4064,,94,95,92,,,,,,,4,15781,764,16549,31839,0.5198
20,OAXACA,61,MONJAS,2,4,144,305,20,29,176,10,12,17,8,91,,3,4,5,,,,,,,0,824,37,861,2174,0.3960
20,OAXACA,82,SAN AGUSTIN LOXICHA,13,30,2041,2655,917,219,342,33,126,135,76,882,,157,79,80,,,,,,,8,7742,303,8053,15433,0.5218
20,OAXACA,92,SAN ANDRES PAXTLAN,3,6,244,469,86,50,62,4,14,19,4,104,,3,6,19,,,,,,,0,1084,108,1192,2907,0.4100
20,OAXACA,110,SAN BALTAZAR LOXICHA,1,3,116,396,47,30,121,1,166,15,13,112,,8,3,14,,,,,,,1,1042,33,1076,2057,0.5231
20,OAXACA,123,SAN CRISTOBAL AMATLAN,4,6,346,344,141,31,125,7,68,29,30,337,,9,14,11,,,,,,,0,1492,122,1614,3272,0.4933
20,OAXACA,145,SAN FRANCISCO OZOLOTEPEC,2,3,105,185,84,18,67,8,22,18,11,144,,0,2,1,,,,,,,0,665,24,689,1322,0.5212
20,OAXACA,151,SAN ILDEFONSO AMATLAN,2,4,172,456,12,25,29,3,4,13,2,47,,2,2,10,,,,,,,5,777,56,838,1624,0.5160
20,OAXACA,165,SAN JOSE DEL PEÑASCO,2,3,27,478,6,13,11,1,27,5,2,22,,2,0,8,,,,,,,0,602,16,618,1421,0.4349
20,OAXACA,209,SAN JUAN MIXTEPEC,1,1,57,35,35,6,43,5,4,16,5,48,,2,4,2,,,,,,,0,262,9,271,518,0.5232
20,OAXACA,211,SAN JUAN OZOLOTEPEC,3,4,100,187,57,27,61,5,73,24,16,342,,2,5,2,,,,,,,0,901,67,968,1808,0.5354
20,OAXACA,236,SAN MARCIAL OZOLOTEPEC,2,2,74,138,14,6,14,3,213,7,3,23,,1,3,2,,,,,,,0,501,30,531,956,0.5554
20,OAXACA,252,SAN MATEO RIO HONDO,4,6,719,582,43,18,27,4,14,13,4,74,,3,25,16,,,,,,,0,1542,57,1599,2417,0.6616
20,OAXACA,264,SAN MIGUEL COATLAN,2,3,83,442,42,27,60,4,46,15,3,65,,2,1,3,,,,,,,4,793,49,846,2078,0.4071
20,OAXACA,265,SAN MIGUEL DEL PUERTO,6,11,331,749,246,117,195,22,134,72,30,362,,11,36,19,,,,,,,6,2324,87,2417,5760,0.4196
20,OAXACA,277,SAN MIGUEL SUCHIXTEPEC,2,4,147,170,90,19,30,5,18,18,6,137,,3,15,5,,,,,,,0,663,57,720,1989,0.3620
20,OAXACA,289,SAN PABLO COATLAN,3,6,194,656,93,52,86,3,21,46,125,335,,4,12,6,,,,,,,0,1633,45,1678,2894,0.5798
20,OAXACA,317,SAN PEDRO MIXTEPEC,1,1,80,22,73,14,18,1,67,6,7,47,,2,18,0,,,,,,,0,355,10,365,743,0.4913
20,OAXACA,344,SAN SEBASTIAN RIO HONDO,3,5,417,591,76,14,29,4,83,7,7,95,,0,15,10,,,,,,,0,1348,36,1384,2526,0.5479
20,OAXACA,353,SANTA ANA,1,3,87,222,29,21,50,10,4,19,3,54,,4,1,10,,,,,,,0,514,32,546,1559,0.3502
20,OAXACA,361,SANTA CATALINA QUIERI,1,1,30,17,15,3,19,10,3,15,11,224,,6,0,0,,,,,,,0,353,15,368,688,0.5349
20,OAXACA,362,SANTA CATARINA CUIXTLA,1,2,74,140,14,18,36,2,8,2,4,58,,0,2,4,,,,,,,0,362,32,394,1088,0.3621
20,OAXACA,366,SANTA CATARINA LOXICHA,3,5,74,233,74,18,34,5,29,18,25,184,,3,3,8,,,,,,,0,708,49,757,2430,0.3115
20,OAXACA,370,SANTA CATARINA QUIOQUITANI,1,1,47,48,27,4,30,0,0,2,0,45,,0,2,0,,,,,,,0,205,3,208,321,0.6480
20,OAXACA,385,SANTA CRUZ XITLA,3,6,178,654,62,27,69,6,24,33,6,220,,3,8,6,,,,,,,0,1296,68,1364,3336,0.4089
20,OAXACA,393,SANTA LUCIA MIAHUATLAN,2,4,78,649,33,25,31,4,28,11,5,97,,2,3,12,,,,,,,0,978,77,1055,1996,0.5286
20,OAXACA,425,SANTA MARIA OZOLOTEPEC,5,6,297,167,62,29,41,5,254,38,14,134,,1,17,5,,,,,,,0,1064,76,1140,2478,0.4600
20,OAXACA,496,SANTIAGO XANICA,4,4,151,208,88,16,29,3,26,15,11,208,,15,11,5,,,,,,,0,786,45,831,1850,0.4492
20,OAXACA,512,SANTO DOMINGO OZOLOTEPEC,1,1,50,100,9,13,49,1,40,4,2,12,,3,0,0,,,,,,,0,283,16,299,659,0.4537
20,OAXACA,529,SANTO TOMAS TAMAZULAPAN,1,3,106,247,16,6,25,5,9,3,12,123,,2,1,5,,,,,,,0,560,25,585,1564,0.3740
20,OAXACA,535,SITIO DE XITLAPEHUA,1,1,68,116,7,2,4,0,0,2,2,32,,1,7,6,,,,,,,0,247,8,255,481,0.5301
20,OAXACA,70,PLUMA HIDALGO,4,5,150,418,114,54,385,47,8,15,14,132,,5,18,17,,,,,,,0,1377,45,1422,2274,0.6253
20,OAXACA,116,SAN BARTOLOME LOXICHA,2,4,55,110,63,19,36,21,6,22,28,269,,6,6,4,,,,,,,0,645,27,672,1537,0.4372
20,OAXACA,251,SAN MATEO PIÑAS,4,5,66,185,51,23,95,7,13,13,65,113,,1,7,15,,,,,,,0,654,30,684,1574,0.4346
20,OAXACA,304,SAN PEDRO EL ALTO,2,5,125,422,72,21,438,32,17,19,6,43,,2,6,17,,,,,,,0,1220,92,1312,2307,0.5687
20,OAXACA,322,SAN PEDRO POCHUTLA,18,54,782,3281,2220,233,7003,1843,390,444,882,2411,,172,178,61,,,,,,,1,19900,888,20789,31242,0.6654
20,OAXACA,406,SANTA MARIA COLOTEPEC,10,28,1856,1309,666,180,439,81,135,95,98,2015,,15,126,51,,,,,,,1,7066,184,7251,17124,0.4234
20,OAXACA,414,SANTA MARIA HUATULCO,10,48,1748,3672,1177,441,1131,3053,250,1939,495,2165,,1588,285,141,,,,,,,3,18085,853,18941,30215,0.6269
20,OAXACA,440,SANTA MARIA TONAMECA,9,28,2180,2055,1091,231,338,706,125,1472,418,2071,,48,40,58,,,,,,,0,10833,519,11352,17084,0.6645
20,OAXACA,508,SANTO DOMINGO DE MORELOS,4,11,216,350,209,28,173,43,22,46,169,1049,,20,28,18,,,,,,,1,2371,131,2503,6793,0.3685
