CIRCUNSCRIPCION,ID_ESTADO,NOMBRE_ESTADO,ID_DISTRITO,CABECERA_DISTRITAL,ID_MUNICIPIO,MUNICIPIO,SECCION,CASILLAS,PRD,MC,PCU,ES,MVC,NUM_VOTOS_CAN_NREG,NUM_VOTOS_VALIDOS,NUM_VOTOS_NULOS,TOTAL_VOTOS,LISTA_NOMINAL
4,7,CHIAPAS,11,PUEBLO NUEVO SOLISTAHUACAN,92,TAPILULA,1406,3,22,207,639,10,762,0,1640,29,1669,2226
4,7,CHIAPAS,11,PUEBLO NUEVO SOLISTAHUACAN,92,TAPILULA,1407,2,2,149,242,0,343,1,737,14,751,988
4,7,CHIAPAS,11,PUEBLO NUEVO SOLISTAHUACAN,92,TAPILULA,1408,2,3,153,305,5,338,0,804,9,813,1097
4,7,CHIAPAS,11,PUEBLO NUEVO SOLISTAHUACAN,92,TAPILULA,1409,3,5,255,410,6,480,0,1156,30,1186,1621
4,7,CHIAPAS,11,PUEBLO NUEVO SOLISTAHUACAN,92,TAPILULA,1410,4,7,290,425,6,605,0,1333,30,1363,1812