﻿ID_ESTADO,NOMBRE_ESTADO,ID_MUNICIPIO,MUNICIPIO,SECCIONES,CASILLAS,PAN,PRI,PRD,PVEM_PT_TRANS_MORENA,MC,PBC,CAND_IND1,CAND_IND2,CAND_IND3,CAND_IND4,NUM_VOTOS_VALIDOS,NUM_VOTOS_CAN_NREG,NUM_VOTOS_NULOS,TOTAL_VOTOS,LISTA_NOMINAL,RUTA_ACTA
2,BAJA CALIFORNIA,2,MEXICALI,580,1361,84287,10219,8348,122841,13010,14586,,,,,253291,291,6619,260201,794900,
2,BAJA CALIFORNIA,3,TECATE,41,140,6927,5379,552,10928,1229,357,2463,,,,27835,36,805,28676,86267,
2,BAJA CALIFORNIA,4,TIJUANA,1070,2472,42802,16487,139475,169026,16348,8526,,,,,392664,213,9259,402136,1431102,
2,BAJA CALIFORNIA,5,ROSARITO,36,168,7810,799,670,12538,3362,476, ,1327, , ,26982,15,654,27651,105482,
2,BAJA CALIFORNIA,1,ENSENADA,220,664,21598,7717,3432,60756,4881,2708,,,5834,5994,112920,158,3516,116594,393324,
,,,,,,,,,,,,,,,, ,, , ,,
,,,,,,,,, ,,,,,,, , ,,,,
,,,,,,,,, ,,,,,,,,,,,,
,,,,,,,,,,,,,,,, ,,,,,
