﻿ID_ESTADO,NOMBRE_ESTADO,ID_MUNICIPIO,MUNICIPIO,SECCIONES,CASILLAS,PAN,PRI,PRD,PVEM,PT,MC,MORENA,PBC,TRANS,CAND_IND1,CAND_IND2,CAND_IND3,CAND_IND4,NUM_VOTOS_VALIDOS,NUM_VOTOS_CAN_NREG,NUM_VOTOS_NULOS,TOTAL_VOTOS,LISTA_NOMINAL,RUTA_ACTA
2,BAJA CALIFORNIA,2,MEXICALI,580,1361,84287,10219,8348,5107,6562,13010,103436,14586,7736,,,,,253291,291,6619,260201,794900,
2,BAJA CALIFORNIA,3,TECATE,41,140,6927,5379,552,612,627,1229,8929,357,760,2463,,,,27835,36,805,28676,86267,
2,BAJA CALIFORNIA,4,TIJUANA,1070,2472,42802,16487,139475,7989,9558,16348,144569,8526,6910,,,,,392664,213,9259,402136,1431102,
2,BAJA CALIFORNIA,5,ROSARITO,36,168,7810,799,670,276,386,3362,11345,476,531, ,1327, , ,26982,15,654,27651,105482,
2,BAJA CALIFORNIA,1,ENSENADA,220,664,21598,7717,3432,2175,6753,4881,49008,2708,2820,,,5834,5994,112920,158,3516,116594,393324,
,,,,,,,,,,,,,,,,,,, ,,, ,,
,,,,,,,,,,,,,,,,,,,,,,,,
,,,,,,,,,,,,,,,,,,,, , ,,,
