﻿ID_ESTADO,NOMBRE_ESTADO,ID_MUNICIPIO,MUNICIPIO,SECCIONES,CASILLAS,PAN,PRI,PRD,PVEM,PT,MC,MORENA,PVEM_PT_TRANS_MORENA,PVEM_PT_TRANS,PVEM_PT_MORENA,PVEM_TRANS_MORENA,PT_TRANS_MORENA,PVEM_PT,PVEM_TRANS,PVEM_MORENA,PT_TRANS,PT_MORENA,TRANS_MORENA,PBC,TRANS,NUM_VOTOS_VALIDOS,NUM_VOTOS_CAN_NREG,NUM_VOTOS_NULOS,TOTAL_VOTOS,LISTA_NOMINAL,RUTA_ACTA
2,BAJA CALIFORNIA,2,MEXICALI,580,1361,79711,12255,11069,4500,5409,16115,102491,708,137,139,123,440,61,41,283,93,328,1018,10703,6103,251727,385,7833,259945,794900,
2,BAJA CALIFORNIA,3,TECATE,91,265,9079,4404,3363,1685,1416,2293,18904,140,34,45,26,70,33,19,121,22,77,141,1063,1238,44173,56,1441,45670,158009,
2,BAJA CALIFORNIA,4,TIJUANA,1020,2347,71370,14279,50408,8448,13558,27943,165773,1392,228,272,176,638,132,73,339,176,779,1200,13433,7875,378492,307,9842,388641,1359360,
2,BAJA CALIFORNIA,5,ROSARITO,95,312,14589,2410,3181,877,1814,4444,23695,141,39,49,29,146,20,13,52,35,165,426,1799,1451,55375,80,1780,57235,184589,
2,BAJA CALIFORNIA,1,ENSENADA,161,520,17452,5745,4821,1634,5777,4973,37666,274,70,115,37,208,68,24,81,67,402,297,3118,2809,85638,153,3204,88995,314217,
